III	78130	78530	1.371365775320206e-12	III	78120	78298	-	promoter	YCL025C	168
XII	677706	678106	1.5195390090156006e-11	XII	677917	677929	-	promoter	YLR266C	12
XII	677706	678106	1.5195390090156006e-11	XII	677902	677966	+	promoter	YLR267W	64
XII	677706	678106	1.5195390090156006e-11	XII	678099	678291	+	promoter	YLR267W	7
XII	677706	678106	1.5195390090156006e-11	XII	676896	677843	-	promoter	YLR266C	137
IV	550812	551212	3.035548543575139e-10	IV	550930	550962	+	promoter	YDR047W	32
XIV	112547	112947	2.756521377975749e-09	XIV	112611	112727	-	promoter	14R-40	116
XIV	112547	112947	2.756521377975749e-09	XIV	112850	112900	-	promoter	14R-40	50
XVI	930286	930686	8.215605567278406e-09	XVI	930341	930557	-	promoter	16R-419	216
IV	431884	432284	9.309396597231405e-09	IV	432266	432374	+	promoter	YDL010W	18
IV	431884	432284	9.309396597231405e-09	IV	431874	431957	+	promoter	YDL010W	73
IV	431884	432284	9.309396597231405e-09	IV	432112	432184	+	promoter	YDL010W	72
IV	431884	432284	9.309396597231405e-09	IV	431789	431906	-	promoter	YDL012C	22
IV	431884	432284	9.309396597231405e-09	IV	431926	432085	-	promoter	YDL012C	159
VI	114484	114884	1.3639041249813598e-08	VI	114747	114846	+	promoter	YFL010W-A	99
XIII	915070	915470	1.3639041249813598e-08	XIII	915004	915096	-	promoter	YMR319C	26
XIV	426979	427379	1.4896977014372664e-08	XIV	427200	427306	-	promoter	YNL104C	106
XIV	426979	427379	1.4896977014372664e-08	XIV	427063	427088	-	promoter	YNL104C	25
XIV	426979	427379	1.4896977014372664e-08	XIV	427351	427439	+	promoter	YNL103W	28
XIV	426979	427379	1.4896977014372664e-08	XIV	427064	427072	+	promoter	YNL103W	8
XI	614817	615217	1.8034400424874072e-08	XI	615184	615266	+	promoter	YKR093W	33
XVI	822073	822473	2.0550988429029433e-08	XVI	822376	822393	-	promoter	YPR144C	17
XVI	822073	822473	2.0550988429029433e-08	XVI	822418	823252	+	promoter	YPR145W	55
VI	95584	95984	7.00960487403874e-08	VI	95724	95970	+	promoter	YFL021W	246
VI	95584	95984	7.00960487403874e-08	VI	95645	95648	+	promoter	YFL021W	3
XVI	824998	825398	7.00960487403874e-08	XVI	824760	825088	-	promoter	YPR145C-A	90
XVI	824998	825398	7.00960487403874e-08	XVI	825170	825247	-	promoter	YPR145C-A	77
XVI	40274	40674	8.49817508369166e-08	XVI	40310	40394	+	promoter	YPL265W	84
XVI	40274	40674	8.49817508369166e-08	XVI	40654	40743	-	promoter	16R-18	20
X	745319	745719	8.49817508369166e-08	.	-1	-1	.	.	.	0
VII	1	323	1.6140250687793984e-07	.	-1	-1	.	.	.	0
XI	518592	518992	1.921369715799962e-07	.	-1	-1	.	.	.	0
XIII	773966	774366	3.08021336064782e-07	XIII	773983	774013	-	promoter	CUT790	30
XIII	773966	774366	3.08021336064782e-07	XIII	774287	774388	+	promoter	YMR251W-A	79
XIII	773966	774366	3.08021336064782e-07	XIII	773864	774164	+	promoter	YMR251W-A	198
XII	783572	783972	3.08021336064782e-07	XII	783537	783656	-	promoter	YLR327C	84
XV	424176	424576	3.0926779054059066e-07	.	-1	-1	.	.	.	0
XV	1043376	1043776	3.303947810647407e-07	XV	1043683	1043724	-	promoter	YOR375C	41
IV	635945	636345	3.799355818825845e-07	.	-1	-1	.	.	.	0
I	189808	190208	3.9271533064799205e-07	I	190012	190069	-	promoter	1R-91	57
I	189808	190208	3.9271533064799205e-07	I	189911	189913	+	promoter	YAR035W	2
XIII	923997	924397	3.9271533064799205e-07	.	-1	-1	.	.	.	0
I	189808	190208	3.9271533064799205e-07	I	190144	190779	+	promoter	YAR035W	64
XIV	783684	784084	4.804758794504581e-07	.	-1	-1	.	.	.	0
XIII	353043	353443	5.866227895152512e-07	XIII	353241	353631	+	promoter	YMR043W	202
XIII	353043	353443	5.866227895152512e-07	XIII	353093	353129	-	promoter	13R-153	36
IV	67	467	7.458538349030514e-07	.	-1	-1	.	.	.	0
I	1	386	7.458538349030514e-07	.	-1	-1	.	.	.	0
XI	1	392	8.41425628070705e-07	.	-1	-1	.	.	.	0
XII	1064715	1065115	8.627423979220078e-07	.	-1	-1	.	.	.	0
II	5716	6116	8.714391676864946e-07	.	-1	-1	.	.	.	0
III	287	687	1.1858014940367884e-06	.	-1	-1	.	.	.	0
IX	439492	439892	1.2946895325453395e-06	.	-1	-1	.	.	.	0
IX	54094	54494	1.2946895325453395e-06	IX	54191	54194	-	promoter	YIL155C	3
VII	1084045	1084445	2.209348295653704e-06	.	-1	-1	.	.	.	0
VII	271772	272172	2.2895813614936407e-06	.	-1	-1	.	.	.	0
II	341547	341947	2.43188066954037e-06	.	-1	-1	.	.	.	0
XII	1071442	1071842	2.779036311551837e-06	XII	1071697	1071714	-	promoter	YLR466C-B	17
XV	25	425	2.9202283958524537e-06	.	-1	-1	.	.	.	0
VII	993864	994264	3.6099877709265232e-06	VII	994064	994113	-	promoter	YGR250C	49
XVI	257000	257400	3.91176847535017e-06	XVI	257254	257267	-	promoter	YPL156C	13
XVI	257000	257400	3.91176847535017e-06	XVI	256910	257054	-	promoter	YPL156C	54
XIII	408227	408627	4.416671870771903e-06	.	-1	-1	.	.	.	0
III	315995	316395	4.780140034229259e-06	.	-1	-1	.	.	.	0
VIII	4897	5297	5.194493797166085e-06	VIII	5092	5102	-	promoter	YHL049C	10
VIII	4897	5297	5.194493797166085e-06	VIII	5000	5044	-	promoter	YHL049C	44
VIII	4897	5297	5.194493797166085e-06	VIII	4830	4899	-	promoter	YHL049C	2
VIII	556339	556739	5.194493797166085e-06	.	-1	-1	.	.	.	0
II	375899	376299	5.633310811367332e-06	II	375811	375920	-	promoter	YBR068C	21
IV	894081	894481	5.779380367732506e-06	IV	894366	894421	+	promoter	YDR216W	55
XII	658214	658614	5.909872868203373e-06	XII	658184	658278	-	promoter	CUT743	64
XII	658214	658614	5.909872868203373e-06	XII	658448	658969	+	promoter	YLR257W	166
XII	658214	658614	5.909872868203373e-06	XII	658189	658264	+	promoter	YLR257W	50
VII	609805	610205	7.089062644273605e-06	VII	610050	610074	+	promoter	YGR060W	24
XIV	6610	7010	7.31297820674314e-06	.	-1	-1	.	.	.	0
XI	99553	99953	7.510279346487264e-06	XI	99541	99583	-	promoter	YKL183C-A	30
XV	978638	979038	7.510279346487264e-06	XV	978799	978805	-	promoter	YOR344C	6
I	229765	230165	7.510279346487264e-06	.	-1	-1	.	.	.	0
XV	978638	979038	7.510279346487264e-06	XV	978767	978787	+	promoter	15F-444	20
XV	978638	979038	7.510279346487264e-06	XV	978688	978704	+	promoter	15F-444	16
XV	988694	989094	7.510279346487264e-06	XV	988657	988835	-	promoter	YOR348C	141
XV	988694	989094	7.510279346487264e-06	XV	988947	988979	+	promoter	YOR349W	32
XV	988694	989094	7.510279346487264e-06	XV	989091	989177	+	promoter	YOR349W	3
XV	988694	989094	7.510279346487264e-06	XV	988817	988866	+	promoter	YOR349W	49
XV	988694	989094	7.510279346487264e-06	XV	988873	988887	-	promoter	YOR348C	14
XV	988694	989094	7.510279346487264e-06	XV	988956	989069	-	promoter	YOR348C	113
IV	1525031	1525431	7.641294934385137e-06	.	-1	-1	.	.	.	0
II	466238	466638	7.803639271725397e-06	II	466262	466397	-	promoter	YBR112C	135
XIV	480770	481170	8.303594373010372e-06	XIV	480997	481014	+	promoter	YNL077W	17
XIV	480770	481170	8.303594373010372e-06	XIV	481106	481134	+	promoter	YNL077W	28
XIV	480770	481170	8.303594373010372e-06	XIV	480796	481039	-	promoter	14R-194	243
V	42042	42442	8.497059883034688e-06	V	42388	42630	+	promoter	YEL059W	54
V	42042	42442	8.497059883034688e-06	V	40310	42144	-	promoter	YEL060C	102
V	42042	42442	8.497059883034688e-06	V	42306	42324	-	promoter	YEL060C	18
XV	109513	109913	8.60993667796524e-06	.	-1	-1	.	.	.	0
IX	249000	249400	9.218523100744013e-06	IX	249058	249074	-	promoter	YIL057C	16
XII	11253	11653	9.664846880383875e-06	.	-1	-1	.	.	.	0
VI	4826	5226	9.789645215684446e-06	.	-1	-1	.	.	.	0
X	521641	522041	1.0072594721659536e-05	X	521890	521932	-	promoter	YJR045C	42
X	521641	522041	1.0072594721659536e-05	X	521690	521722	+	promoter	YJR046W	32
X	521641	522041	1.0072594721659536e-05	X	520716	521783	-	promoter	YJR045C	142
X	521641	522041	1.0072594721659536e-05	X	521962	522098	+	promoter	YJR046W	79
III	50487	50887	1.0781360607404462e-05	III	50276	50564	+	promoter	YCL042W	77
III	50487	50887	1.0781360607404462e-05	III	50651	50691	+	promoter	YCL040W	40
III	50487	50887	1.0781360607404462e-05	III	50759	52327	+	promoter	YCL040W	128
III	50487	50887	1.0781360607404462e-05	III	50508	50576	-	promoter	YCL043C	68
III	50487	50887	1.0781360607404462e-05	III	50640	50686	-	promoter	YCL041C	46
XII	954372	954772	1.5577116951883694e-05	XII	954387	954434	+	promoter	YLR417W	47
XII	954372	954772	1.5577116951883694e-05	XII	954749	954787	+	promoter	YLR417W	23
XII	954372	954772	1.5577116951883694e-05	XII	954411	954564	-	promoter	YLR414C	153
XII	954372	954772	1.5577116951883694e-05	XII	954638	954878	-	promoter	YLR415C	134
XII	954372	954772	1.5577116951883694e-05	XII	954607	954665	+	promoter	YLR417W	58
XII	954372	954772	1.5577116951883694e-05	XII	954528	954539	+	promoter	YLR417W	11
VII	413166	413566	1.7732087694886985e-05	VII	413120	413170	-	promoter	CUT600	4
XI	666293	666693	1.7732087694886985e-05	.	-1	-1	.	.	.	0
XVI	114530	114930	1.793651254576056e-05	XVI	114627	114629	-	promoter	16R-54	2
XVI	114530	114930	1.793651254576056e-05	XVI	114561	114573	-	promoter	16R-54	12
XVI	114530	114930	1.793651254576056e-05	XVI	114913	114930	-	promoter	16R-54	17
XVI	114530	114930	1.793651254576056e-05	XVI	114814	114821	-	promoter	16R-54	7
IV	955121	955521	1.7964409217186263e-05	IV	955355	955412	+	promoter	YDR247W	57
IV	955121	955521	1.7964409217186263e-05	IV	955025	955141	+	promoter	YDR246W-A	20
XI	20821	21221	1.875082598253511e-05	XI	21110	21233	-	promoter	11R-12	111
XI	20821	21221	1.875082598253511e-05	XI	21086	21092	+	promoter	11F-10	6
XI	20821	21221	1.875082598253511e-05	XI	20842	20938	+	promoter	11F-10	96
XI	20821	21221	1.875082598253511e-05	XI	21210	21282	+	promoter	11F-10	11
VII	771878	772278	2.1491589540580824e-05	VII	772072	772134	+	promoter	YGR142W	62
VII	771878	772278	2.1491589540580824e-05	VII	772261	772503	+	promoter	YGR142W	17
VIII	236047	236447	2.300672625930535e-05	VIII	236011	236092	-	promoter	YHR069C-A	45
VII	905363	905763	2.404563471810528e-05	VII	905611	905780	-	promoter	YGR202C	152
VII	905363	905763	2.404563471810528e-05	VII	905270	905449	-	promoter	YGR202C	86
VII	905363	905763	2.404563471810528e-05	VII	905473	905488	+	promoter	YGR204W	15
XV	908671	909071	2.6433233083849272e-05	XV	908692	908724	-	promoter	YOR316C-A	32
XV	908671	909071	2.6433233083849272e-05	XV	908867	908883	-	promoter	YOR316C-A	16
XV	882071	882471	3.2006992230438646e-05	XV	882435	882441	-	promoter	SUT793	6
XV	882071	882471	3.2006992230438646e-05	XV	882410	882413	+	promoter	YOR302W	3
VII	592673	593073	3.210671374751146e-05	VII	592666	592681	-	promoter	YGR050C	8
VII	592673	593073	3.210671374751146e-05	VII	592822	592856	+	promoter	YGR052W	34
VII	592673	593073	3.210671374751146e-05	VII	593025	593757	+	promoter	YGR052W	48
VII	592673	593073	3.210671374751146e-05	VII	592894	592909	-	promoter	YGR050C	15
VII	592673	593073	3.210671374751146e-05	VII	592826	592833	-	promoter	YGR050C	7
XIII	482534	482934	3.3408420085049e-05	XIII	482801	482808	+	promoter	YMR107W	7
XIII	482534	482934	3.3408420085049e-05	XIII	482889	482920	+	promoter	YMR107W	31
XIII	482534	482934	3.3408420085049e-05	XIII	482558	482562	-	promoter	13R-217	4
XIII	482534	482934	3.3408420085049e-05	XIII	482695	482716	-	promoter	13R-217	21
IV	974262	974662	3.4124145578190284e-05	IV	974108	974368	-	promoter	YDR258C	106
IV	974262	974662	3.4124145578190284e-05	IV	974523	974533	-	promoter	YDR258C	10
XI	630387	630787	3.621681351013537e-05	XI	630471	630476	+	promoter	YKR097W	5
XI	630387	630787	3.621681351013537e-05	XI	630733	631051	+	promoter	YKR097W	54
III	122622	123022	4.121532308508446e-05	III	122053	122735	-	promoter	YCR005C	113
V	117783	118183	4.927612338292593e-05	V	117871	118122	-	promoter	RPR1	251
V	117783	118183	4.927612338292593e-05	V	118150	118317	+	promoter	5F-52	33
XVI	502691	503091	4.938764830978528e-05	XVI	502710	502715	+	promoter	YPL024W	5
XVI	502691	503091	4.938764830978528e-05	XVI	503043	503358	+	promoter	YPL024W	48
XVI	214578	214978	5.120647227666263e-05	XVI	214744	214758	-	promoter	YPL177C	14
XIII	540328	540728	5.120647227666263e-05	XIII	540623	540632	-	promoter	YMR135C	9
XIII	540328	540728	5.120647227666263e-05	XIII	540284	540350	-	promoter	YMR135C	22
V	335408	335808	5.166901865850345e-05	V	335379	335452	-	promoter	YER088C	44
VII	547312	547712	5.63131753020658e-05	VII	547650	547675	-	promoter	YGR031C-A	25
V	441996	442396	5.63131753020658e-05	V	441972	442276	+	promoter	SCR1	280
VII	547312	547712	5.63131753020658e-05	VII	547640	548789	+	promoter	YGR032W	72
II	338564	338964	6.291405351592184e-05	II	338962	339517	-	promoter	YBR052C	2
II	338564	338964	6.291405351592184e-05	II	338619	338621	-	promoter	YBR050C	2
XII	660113	660513	6.552238319323005e-05	XII	660459	660465	+	promoter	YLR258W	6
XII	660113	660513	6.552238319323005e-05	XII	660143	660256	-	promoter	SUT702	113
VI	224894	225294	6.919039991146818e-05	VI	224546	224941	-	promoter	YFR033C	47
VI	224894	225294	6.919039991146818e-05	VI	225135	225139	-	promoter	YFR033C	4
VII	785651	786051	6.949697810693133e-05	VII	785815	785850	-	promoter	YGR146C-A	35
VII	785651	786051	6.949697810693133e-05	VII	785645	785757	+	promoter	7F-353	106
X	662951	663351	7.080116741228517e-05	X	663242	663245	-	promoter	YJR127C	3
X	662951	663351	7.080116741228517e-05	X	663028	663065	-	promoter	YJR127C	37
IV	1459640	1460040	7.197991461306284e-05	.	-1	-1	.	.	.	0
VII	809718	810118	7.513573364667571e-05	VII	809931	810066	+	promoter	YGR161W-C	135
XVI	645308	645708	8.01469431220706e-05	XVI	645703	645706	+	promoter	YPR036W-A	3
XVI	645308	645708	8.01469431220706e-05	XVI	645343	645401	+	promoter	YPR036W-A	58
XVI	645308	645708	8.01469431220706e-05	XVI	645589	645618	+	promoter	YPR036W-A	29
IV	1161764	1162164	8.530636222054308e-05	IV	1161881	1161883	-	promoter	YDR343C	2
IV	1161764	1162164	8.530636222054308e-05	IV	1161936	1161952	-	promoter	YDR343C	16
V	570069	570469	8.715974727678163e-05	V	570372	570401	-	promoter	YER188C-A	29
IV	538965	539365	8.909382546617557e-05	IV	539247	539256	-	promoter	YDR040C	9
IV	538965	539365	8.909382546617557e-05	IV	539301	539318	+	promoter	YDR041W	17
IX	177453	177853	0.00010080288730387004	IX	177508	177719	+	promoter	YIL099W	211
IX	177453	177853	0.00010080288730387004	IX	177101	177468	-	promoter	YIL101C	15
IX	177453	177853	0.00010080288730387004	IX	177507	177546	-	promoter	YIL101C	39
IX	177453	177853	0.00010080288730387004	IX	177823	177846	+	promoter	YIL099W	23
XVI	834221	834621	0.00010333058269546964	XVI	834273	834275	+	promoter	YPR154W	2
XVI	834221	834621	0.00010333058269546964	XVI	834497	835020	+	promoter	YPR154W	124
XVI	834221	834621	0.00010333058269546964	XVI	834004	834256	-	promoter	YPR152C	35
XVI	834221	834621	0.00010333058269546964	XVI	834325	834327	-	promoter	YPR152C	2
XVI	834221	834621	0.00010333058269546964	XVI	834443	834445	+	promoter	YPR154W	2
XIII	282922	283322	0.00010636990633948588	XIII	283010	283067	+	promoter	13F-126	57
XIII	282922	283322	0.00010636990633948588	XIII	283092	283156	-	promoter	YMR008C	64
XIII	282922	283322	0.00010636990633948588	XIII	282898	282931	-	promoter	YMR008C	9
XIII	282922	283322	0.00010636990633948588	XIII	283220	283325	+	promoter	YMR009W	102
XIII	282922	283322	0.00010636990633948588	XIII	283164	283174	+	promoter	YMR009W	10
VII	766138	766538	0.00010871887443872482	.	-1	-1	.	.	.	0
IV	1468804	1469204	0.00011704486483066489	IV	1469152	1469159	+	promoter	YDR510W	7
II	628451	628851	0.0001179100811226752	.	-1	-1	.	.	.	0
VII	987250	987650	0.00012126963257335804	.	-1	-1	.	.	.	0
XI	68729	69129	0.00012763558378744148	.	-1	-1	.	.	.	0
XII	424027	424427	0.00012763558378744148	.	-1	-1	.	.	.	0
IV	599894	600294	0.00012763558378744148	.	-1	-1	.	.	.	0
XIII	653234	653634	0.00013393297189758375	XIII	653429	653490	-	promoter	YMR194C-A	61
XIII	653234	653634	0.00013393297189758375	XIII	653060	653266	-	promoter	YMR194C-A	32
XIII	653234	653634	0.00013393297189758375	XIII	653347	653384	+	promoter	YMR195W	37
XIII	653234	653634	0.00013393297189758375	XIII	653194	653279	+	promoter	YMR195W	45
XIII	472795	473195	0.00014214968693317562	.	-1	-1	.	.	.	0
V	194682	195082	0.0001457407518269774	V	195019	195085	-	promoter	YER019C-A	63
V	194682	195082	0.0001457407518269774	V	194728	194962	-	promoter	YER019C-A	234
V	194682	195082	0.0001457407518269774	V	194920	195708	+	promoter	YER020W	162
V	194682	195082	0.0001457407518269774	V	194834	194885	+	promoter	YER020W	51
XI	171296	171696	0.00014596817806937908	XI	171203	171320	+	promoter	YKL146W	24
XI	171296	171696	0.00014596817806937908	XI	171582	171831	+	promoter	YKL146W	114
XI	171296	171696	0.00014596817806937908	XI	170996	171348	-	promoter	YKL148C	52
XI	171296	171696	0.00014596817806937908	XI	171449	171456	-	promoter	YKL148C	7
XI	171296	171696	0.00014596817806937908	XI	171522	171567	-	promoter	YKL148C	45
XIII	434231	434631	0.00015240110706408265	XIII	434270	434318	-	promoter	13R-196	48
XIII	434231	434631	0.00015240110706408265	XIII	434570	434585	+	promoter	YMR083W	15
XV	968109	968509	0.00016463884708086925	XV	968444	968457	+	promoter	15F-435	13
IV	465049	465449	0.00018639105801415243	.	-1	-1	.	.	.	0
XI	258602	259002	0.00019751545691460876	.	-1	-1	.	.	.	0
VII	397902	398302	0.00020759005462449547	VII	398262	398492	+	promoter	YGL055W	40
VII	397902	398302	0.00020759005462449547	VII	398140	398223	+	promoter	YGL055W	83
IV	976433	976833	0.00021268629119658411	.	-1	-1	.	.	.	0
XVI	431751	432151	0.00023146830729917704	XVI	431461	431877	-	promoter	SUT814	126
XVI	431751	432151	0.00023146830729917704	XVI	431739	431816	+	promoter	YPL062W	65
VII	733129	733529	0.000233000196724818	VII	733209	733266	+	promoter	YGR121W-A	57
VII	733129	733529	0.000233000196724818	VII	733171	733265	-	promoter	YGR121C	94
VII	733129	733529	0.000233000196724818	VII	733391	733416	-	promoter	YGR121C	25
X	97359	97759	0.00025590442740333944	X	97419	97549	-	promoter	YJL173C	130
X	97359	97759	0.00025590442740333944	X	97615	98196	+	promoter	YJL172W	144
XVI	586867	587267	0.0002788691642711764	XVI	586963	587017	+	promoter	16F-238	54
II	165036	165436	0.0002839324399004891	II	165327	165347	-	promoter	YBL029C-A	20
XV	170206	170606	0.00029457402590288496	XV	170353	170426	-	promoter	15R-101	73
XV	170206	170606	0.00029457402590288496	XV	170476	170518	-	promoter	15R-101	42
XV	170206	170606	0.00029457402590288496	XV	170286	170337	+	promoter	YOL081W	51
XV	170206	170606	0.00029457402590288496	XV	170510	170519	+	promoter	YOL081W	9
IV	591842	592242	0.0003112408054463831	IV	592111	592635	+	promoter	YDR073W	131
IV	591842	592242	0.0003112408054463831	IV	592032	592042	-	promoter	YDR072C	10
IV	591842	592242	0.0003112408054463831	IV	591904	591914	+	promoter	YDR073W	10
IV	806146	806546	0.00033205037495427777	IV	806173	806185	+	promoter	YDR171W	12
IV	806146	806546	0.00033205037495427777	IV	806426	807582	+	promoter	YDR171W	120
XI	231236	231636	0.00033205037495427777	XI	231303	231356	+	promoter	YKL109W	53
XIII	70075	70475	0.0003399191042804139	XIII	69960	70179	-	promoter	YML101C	104
XIII	70075	70475	0.0003399191042804139	XIII	70411	70479	-	promoter	YML101C	64
XIII	70075	70475	0.0003399191042804139	XIII	70284	70292	-	promoter	YML101C	8
XIII	70075	70475	0.0003399191042804139	XIII	70448	70497	+	promoter	YML100W	27
XIII	70075	70475	0.0003399191042804139	XIII	70100	70389	+	promoter	YML100W	289
XVI	339418	339818	0.00034136659946081704	XVI	339599	339613	+	promoter	YPL111W	14
XVI	339418	339818	0.00034136659946081704	XVI	339495	339516	-	promoter	YPL112C	21
XV	836628	837028	0.00035065806897537847	XV	836944	836961	+	promoter	YOR274W	17
XV	836628	837028	0.00035065806897537847	XV	836620	836705	-	promoter	YOR273C	77
XV	836628	837028	0.00035065806897537847	XV	836994	837065	-	promoter	YOR273C	34
XV	836628	837028	0.00035065806897537847	XV	836874	836900	-	promoter	YOR273C	26
XV	836628	837028	0.00035065806897537847	XV	837009	837096	+	promoter	YOR274W	19
XIII	436189	436589	0.0003884630137044473	XIII	436260	436426	+	promoter	YMR084W	166
XV	79848	80248	0.0003884630137044473	XV	80075	80186	+	promoter	YOL127W	111
XIII	436189	436589	0.0003884630137044473	XIII	436449	436528	+	promoter	YMR084W	79
XIII	436189	436589	0.0003884630137044473	XIII	436552	436706	+	promoter	YMR084W	37
XVI	75020	75420	0.0004122209072849584	XVI	75321	75351	-	promoter	YPL250C	30
XVI	75020	75420	0.0004122209072849584	XVI	75149	75401	+	promoter	YPL250W-A	252
VII	1000198	1000598	0.0004642217886170735	VII	1000276	1000343	-	promoter	7R-459	67
VII	1000198	1000598	0.0004642217886170735	VII	1000414	1000441	+	promoter	YGR254W	27
VII	1000198	1000598	0.0004642217886170735	VII	1000317	1000340	+	promoter	YGR254W	23
IV	411179	411579	0.0004710542388606331	IV	411249	411301	+	promoter	YDL022W	52
XVI	942426	942826	0.00047232597941453336	XVI	942744	942828	+	promoter	YPR202W	82
X	639376	639776	0.0004937339234060245	X	639625	639651	-	promoter	YJR113C	26
X	639376	639776	0.0004937339234060245	X	639469	639471	-	promoter	YJR113C	2
X	639376	639776	0.0004937339234060245	X	639692	639711	-	promoter	YJR113C	19
X	639376	639776	0.0004937339234060245	X	639236	639395	-	promoter	YJR113C	19
X	639376	639776	0.0004937339234060245	X	639399	639425	+	promoter	YJR115W	26
XI	92325	92725	0.0005063465154898245	XI	92152	92405	+	promoter	11F-36	80
XI	92325	92725	0.0005063465154898245	XI	92345	92357	-	promoter	YKL187C	12
XI	92325	92725	0.0005063465154898245	XI	92544	92741	-	promoter	11R-39	181
II	381281	381681	0.0005147528032539639	II	381464	381565	+	promoter	YBR072W	101
II	381281	381681	0.0005147528032539639	II	381353	381357	+	promoter	YBR072W	4
XIV	440847	441247	0.0005168852342690606	XIV	441188	441236	-	promoter	YNL097C-B	48
XIV	440847	441247	0.0005168852342690606	XIV	440997	441022	-	promoter	YNL097C-B	25
XIV	440847	441247	0.0005168852342690606	XIV	440308	440917	-	promoter	YNL098C	70
XIV	440847	441247	0.0005168852342690606	XIV	441109	441402	+	promoter	YNL097W-A	138
XIV	440847	441247	0.0005168852342690606	XIV	440680	441042	+	promoter	YNL097W-A	195
V	140513	140913	0.0005168852342690606	V	140809	141013	-	promoter	YEL008C-A	104
V	140513	140913	0.0005168852342690606	V	140533	140602	+	promoter	YEL008W	69
XVI	627446	627846	0.0005189824040300543	XVI	627718	627723	-	promoter	YPR029C	5
XVI	627446	627846	0.0005189824040300543	XVI	627807	628255	+	promoter	YPR030W	39
XVI	627446	627846	0.0005189824040300543	XVI	627742	627748	+	promoter	YPR030W	6
IX	268007	268407	0.0005683107239553102	IX	268395	268898	+	promoter	YIL046W	12
IX	268007	268407	0.0005683107239553102	IX	268237	268317	-	promoter	YIL047C	80
IX	268007	268407	0.0005683107239553102	IX	268197	268258	+	promoter	YIL046W-A	61
IX	268007	268407	0.0005683107239553102	IX	268115	268132	+	promoter	YIL046W-A	17
IX	268007	268407	0.0005683107239553102	IX	268369	268405	-	promoter	YIL047C	36
IV	1507210	1507610	0.0005705291716113566	IV	1507551	1507884	+	promoter	YDR536W	59
IV	1507210	1507610	0.0005705291716113566	IV	1507277	1507304	+	promoter	YDR536W	27
IV	1507210	1507610	0.0005705291716113566	IV	1507359	1507369	-	promoter	YDR535C	10
IV	1507210	1507610	0.0005705291716113566	IV	1507518	1507538	-	promoter	YDR535C	20
XIV	349888	350288	0.0005725827826638842	XIV	349568	349950	-	promoter	YNL149C	62
XIV	349888	350288	0.0005725827826638842	XIV	350014	350044	-	promoter	YNL149C	30
XIV	349888	350288	0.0005725827826638842	XIV	350147	350166	-	promoter	YNL149C	19
X	360681	361081	0.0006045596004750276	X	360756	360768	+	promoter	YJL042W	12
X	360681	361081	0.0006045596004750276	X	361027	361134	-	promoter	10R-136	54
X	360681	361081	0.0006045596004750276	X	360762	360772	-	promoter	10R-136	10
X	360681	361081	0.0006045596004750276	X	360871	360886	-	promoter	10R-136	15
II	378672	379072	0.000626144237546013	II	378771	378775	-	promoter	YBR069C	4
II	378672	379072	0.000626144237546013	II	378305	378685	-	promoter	YBR069C	13
VII	190768	191168	0.0006589171426455863	VII	190516	190924	-	promoter	YGL167C	156
VII	190768	191168	0.0006589171426455863	VII	191063	191722	+	promoter	YGL166W	105
VII	190768	191168	0.0006589171426455863	VII	190962	190964	+	promoter	YGL166W	2
XIII	922022	922422	0.0006726090596692355	.	-1	-1	.	.	.	0
XVI	455067	455467	0.0007061179171143128	XVI	455323	455349	-	promoter	YPL055C	26
XVI	455067	455467	0.0007061179171143128	XVI	455319	455383	+	promoter	YPL054W	64
XVI	455067	455467	0.0007061179171143128	XVI	455251	455268	+	promoter	YPL054W	17
XVI	455067	455467	0.0007061179171143128	XVI	455454	455513	+	promoter	YPL054W	13
XV	479941	480341	0.0007482615625397981	XV	480250	480278	+	promoter	YOR084W	28
XV	479941	480341	0.0007482615625397981	XV	480121	480196	+	promoter	YOR084W	75
XI	260533	260933	0.0007500263887675847	XI	260653	260663	+	promoter	YKL096W	10
XIV	576119	576519	0.0007544654867962051	XIV	576156	576165	-	promoter	YNL031C	9
XIV	576119	576519	0.0007544654867962051	XIV	576186	576255	+	promoter	YNL030W	69
XIV	576119	576519	0.0007544654867962051	XIV	575592	576133	-	promoter	YNL031C	14
XIII	306437	306837	0.0007726760065368049	.	-1	-1	.	.	.	0
VII	951272	951672	0.0007926306495780131	VII	951045	951277	-	promoter	YGR229C	5
VII	951272	951672	0.0007926306495780131	VII	951667	951813	-	promoter	YGR229C	5
VII	951272	951672	0.0007926306495780131	VII	951520	951686	+	promoter	YGR230W	152
III	133348	133748	0.0007928257163650269	III	133303	133369	-	promoter	YCR010C	21
III	133348	133748	0.0007928257163650269	III	133746	133787	+	promoter	3F-61	2
XVI	678864	679264	0.0007928257163650269	XVI	679149	679165	-	promoter	YPR063C	16
XII	728223	728623	0.0007928257163650269	XII	728450	728476	+	promoter	YLR300W	26
XII	728223	728623	0.0007928257163650269	XII	728264	728300	-	promoter	YLR299C-A	36
III	133348	133748	0.0007928257163650269	III	133614	133640	-	promoter	YCR010C	26
III	133348	133748	0.0007928257163650269	III	133402	133480	-	promoter	YCR010C	78
XIV	503094	503494	0.0008001218783169197	.	-1	-1	.	.	.	0
V	222207	222607	0.0008029312648747842	V	222410	222430	+	promoter	YER035W	20
V	222207	222607	0.0008029312648747842	V	222499	222883	+	promoter	YER035W	108
V	222207	222607	0.0008029312648747842	V	222522	222539	-	promoter	CUT551	17
XI	322412	322812	0.0008293222062393245	XI	322464	322515	+	promoter	YKL062W	51
VI	255393	255793	0.0009560424132293786	VI	255612	255646	-	promoter	YFR053C	34
VI	182961	183361	0.0009560424132293786	VI	182444	182993	-	promoter	YFR017C	32
XV	825549	825949	0.0009571733072883758	XV	825585	825608	+	promoter	YOR269W	23
X	545291	545691	0.0009592123144939412	X	545072	545458	-	promoter	YJR058C	167
X	545291	545691	0.0009592123144939412	X	545662	546673	+	promoter	YJR059W	29
X	545291	545691	0.0009592123144939412	X	545513	545522	+	promoter	YJR059W	9
X	545291	545691	0.0009592123144939412	X	545589	545604	-	promoter	YJR058C	15
XVI	829110	829510	0.0010035312803184	XVI	829200	829338	-	promoter	16R-375	138
XVI	829110	829510	0.0010035312803184	XVI	828988	829145	-	promoter	YPR148C	35
XVI	829110	829510	0.0010035312803184	XVI	829439	829481	+	promoter	YPR149W	42
XVI	829110	829510	0.0010035312803184	XVI	829350	829356	+	promoter	YPR149W	6
XVI	829110	829510	0.0010035312803184	XVI	829460	829572	-	promoter	16R-375	50
XVI	829110	829510	0.0010035312803184	XVI	829054	829171	+	promoter	YPR149W	61
X	136236	136636	0.0010145586537296	X	136577	136703	+	promoter	YJL150W	59
X	136236	136636	0.0010145586537296	X	136364	136381	-	promoter	YJL153C	17
X	136236	136636	0.0010145586537296	X	136210	136264	-	promoter	YJL153C	28
X	136236	136636	0.0010145586537296	X	136629	136863	-	promoter	YJL151C	7
XII	633285	633685	0.0011417311939501	XII	633546	634367	+	promoter	YLR248W	139
XII	633285	633685	0.0011417311939501	XII	633295	633400	-	promoter	YLR247C	105
XV	216326	216726	0.0011777810347332	XV	216488	216506	-	promoter	YOL060C	18
XV	216326	216726	0.0011777810347332	XV	216623	216841	+	promoter	YOL059W	103
XV	216326	216726	0.0011777810347332	XV	216686	216706	-	promoter	YOL060C	20
IV	1156322	1156722	0.0011777810347332	IV	1156367	1156376	-	promoter	YDR342C	9
X	606721	607121	0.0013178278171517	.	-1	-1	.	.	.	0
XII	187257	187657	0.0014009897074452	XII	187008	187352	-	promoter	YLR023C	95
XII	187257	187657	0.0014009897074452	XII	187555	187572	-	promoter	YLR023C	17
XII	187257	187657	0.0014009897074452	XII	187641	187736	+	promoter	CUT250	16
XIV	547406	547806	0.0014311278586873	XIV	547575	547736	-	promoter	14R-232	161
XIV	547406	547806	0.0014311278586873	XIV	547387	547441	-	promoter	14R-232	35
X	391842	392242	0.0014311278586873	X	392150	392912	+	promoter	YJL026W	92
XIV	547406	547806	0.0014311278586873	XIV	547659	547856	+	promoter	YNL042W	147
XIV	547406	547806	0.0014311278586873	XIV	547514	547587	+	promoter	YNL042W	73
X	391842	392242	0.0014311278586873	X	391901	391911	+	promoter	YJL026W	10
XIII	431581	431981	0.0014760542439961	XIII	431720	431722	-	promoter	YMR081C	2
XIII	431581	431981	0.0014760542439961	XIII	431620	431624	-	promoter	YMR081C	4
VII	856708	857108	0.0014760542439961	.	-1	-1	.	.	.	0
VI	269830	270230	0.0015035236383086	.	-1	-1	.	.	.	0
XII	108243	108643	0.0015700477816456	XII	107798	108504	-	promoter	YLL019C	261
VII	625242	625642	0.001575176827715	VII	625251	625261	-	promoter	YGR067C	10
VIII	379558	379958	0.0016253990329643	VIII	379662	379666	-	promoter	YHR139C	4
VIII	379558	379958	0.0016253990329643	VIII	379725	379749	-	promoter	YHR139C	24
VIII	379558	379958	0.0016253990329643	VIII	379296	379573	-	promoter	YHR139C	15
VIII	379558	379958	0.0016253990329643	VIII	379731	380216	+	promoter	YHR140W	227
VIII	379558	379958	0.0016253990329643	VIII	379873	379929	-	promoter	YHR139C	56
VIII	379558	379958	0.0016253990329643	VIII	379549	379572	+	promoter	YHR140W	14
XIV	355337	355737	0.0016809557815504	XIV	355484	355588	+	promoter	14F-133	104
XIV	355337	355737	0.0016809557815504	XIV	355696	356031	+	promoter	SUT329	41
XIV	275894	276294	0.0017324682845183	XIV	276041	276057	-	promoter	CUT806	16
XIV	275894	276294	0.0017324682845183	XIV	276107	276277	+	promoter	YNL192W	170
XIV	275894	276294	0.0017324682845183	XIV	275785	275972	-	promoter	CUT806	78
XVI	425229	425629	0.0018132013042535	.	-1	-1	.	.	.	0
XI	355615	356015	0.0018391414763902	XI	355644	355653	-	promoter	11R-163	9
IX	332648	333048	0.0018995947747238	.	-1	-1	.	.	.	0
V	461842	462242	0.0019219121922886	V	462192	462229	-	promoter	YER145C	37
V	461842	462242	0.0019219121922886	V	462156	462163	+	promoter	YER146W	7
V	461842	462242	0.0019219121922886	V	461835	461932	+	promoter	YER146W	90
VII	384054	384454	0.0019219121922886	VII	384448	384580	-	promoter	7R-159	6
IV	721708	722108	0.0019683999016594	.	-1	-1	.	.	.	0
XV	514595	514995	0.0019683999016594	.	-1	-1	.	.	.	0
XIV	495068	495468	0.0020684188951676	XIV	495256	495262	-	promoter	YNL069C	6
XIV	495068	495468	0.0020684188951676	XIV	494919	495094	-	promoter	YNL069C	26
XIV	495068	495468	0.0020684188951676	XIV	495137	495195	-	promoter	YNL069C	58
V	211972	212372	0.0021612469797252	V	212355	212443	+	promoter	5F-101	17
V	211972	212372	0.0021612469797252	V	211429	211991	-	promoter	YER028C	19
XIV	663792	664192	0.0022064345185454	XIV	663846	663873	+	promoter	YNR018W	27
XIV	663792	664192	0.0022064345185454	XIV	664185	664392	+	promoter	YNR018W	7
X	646858	647258	0.002212492225217	X	647028	647034	-	promoter	YJR119C	6
IV	1011596	1011996	0.0022394364011157	IV	1011566	1011663	+	promoter	YDR275W	67
IV	1011596	1011996	0.0022394364011157	IV	1011701	1012084	+	promoter	YDR275W	295
XV	520537	520937	0.0022906333051172	.	-1	-1	.	.	.	0
XIV	651926	652326	0.0023332676260946	XIV	652149	652162	+	promoter	YNR014W	13
XIV	651926	652326	0.0023332676260946	XIV	652250	652309	-	promoter	YNR013C	59
XIV	651926	652326	0.0023332676260946	XIV	652315	652337	+	promoter	YNR014W	11
II	135923	136323	0.002421759803504	II	136268	136431	+	promoter	YBL043W	55
XII	253249	253649	0.0025167761133091	XII	253288	253292	-	promoter	YLR055C	4
XII	253249	253649	0.0025167761133091	XII	253635	253696	+	promoter	YLR056W	14
II	193548	193948	0.0025428780407468	II	193901	193979	+	promoter	YBL015W	47
II	193548	193948	0.0025428780407468	II	193676	193688	+	promoter	YBL015W	12
XII	510507	510907	0.0026119057210629	XII	510581	510596	+	promoter	YLR177W	15
XII	510507	510907	0.0026119057210629	XII	510895	510934	+	promoter	YLR177W	12
XII	510507	510907	0.0026119057210629	XII	510514	510556	-	promoter	YLR176C	42
XII	510507	510907	0.0026119057210629	XII	510617	510637	-	promoter	YLR176C	20
XII	510507	510907	0.0026119057210629	XII	510714	510810	-	promoter	YLR176C	96
VIII	122184	122584	0.0028085843489624	VIII	122547	122659	+	promoter	SUT153	37
VIII	122184	122584	0.0028085843489624	VIII	122414	122419	+	promoter	8F-48	5
XIII	556972	557372	0.0028788344733883	.	-1	-1	.	.	.	0
VII	197139	197539	0.0028953838360012	VII	197319	197356	-	promoter	YGL163C	37
VII	197139	197539	0.0028953838360012	VII	197318	197332	+	promoter	YGL162W	14
XVI	812707	813107	0.0029856847346428	XVI	812634	812772	-	promoter	YPR138C	65
XVI	812707	813107	0.0029856847346428	XVI	812799	812804	-	promoter	YPR138C	5
XVI	812707	813107	0.0029856847346428	XVI	812823	812891	+	promoter	16F-324	68
IV	835845	836245	0.0033759193906646	IV	836234	836250	+	promoter	YDR188W	11
IV	835845	836245	0.0033759193906646	IV	836025	836095	-	promoter	YDR186C	70
IV	835845	836245	0.0033759193906646	IV	835881	835945	+	promoter	YDR188W	64
IV	835845	836245	0.0033759193906646	IV	836122	836186	+	promoter	YDR188W	64
IV	1490042	1490442	0.0036260746068972	.	-1	-1	.	.	.	0
IV	1233666	1234066	0.0038706287258951	IV	1233671	1233741	+	promoter	YDR380W	70
IV	1233666	1234066	0.0038706287258951	IV	1233873	1233884	+	promoter	YDR380W	11
IV	1233666	1234066	0.0038706287258951	IV	1233425	1233776	-	promoter	YDR379C-A	110
IV	1233666	1234066	0.0038706287258951	IV	1233951	1234009	-	promoter	YDR379C-A	58
V	123158	123558	0.0038706287258951	V	123455	123473	+	promoter	YEL017W	18
V	123158	123558	0.0038706287258951	V	123166	123325	+	promoter	YEL017W	159
IV	1429084	1429484	0.0042007978044205	IV	1429165	1429172	-	promoter	YDR487C	7
II	477024	477424	0.0045106927254704	II	477047	477063	-	promoter	YBR117C	16
II	477024	477424	0.0045106927254704	II	477402	477419	+	promoter	YBR118W	17
XII	645695	646095	0.0045106927254704	XII	645804	645854	+	promoter	YLR256W	50
XII	645695	646095	0.0045106927254704	XII	645971	645980	-	promoter	YLR255C	9
II	477024	477424	0.0045106927254704	II	477349	477362	-	promoter	YBR117C	13
II	477024	477424	0.0045106927254704	II	477150	477180	+	promoter	YBR118W	30
XVI	641236	641636	0.0046698123744601	XVI	641379	641568	+	promoter	YPR035W	189
XII	84073	84473	0.0047364817241223	XII	84095	84166	+	promoter	YLL028W	71
VII	433218	433618	0.0047364817241223	VII	433467	433956	+	promoter	7F-213	151
V	284571	284971	0.0047364817241223	V	284628	284664	-	promoter	YER064C	36
V	284571	284971	0.0047364817241223	V	284902	284948	+	promoter	5F-139	46
V	284571	284971	0.0047364817241223	V	284655	284666	+	promoter	5F-139	11
XV	218659	219059	0.0048647416744545	.	-1	-1	.	.	.	0
XII	370579	370979	0.0048784571127354	XII	370966	371177	+	promoter	YLR113W	13
XII	370579	370979	0.0048784571127354	XII	370623	370630	-	promoter	YLR110C	7
XII	370579	370979	0.0048784571127354	XII	370721	370833	+	promoter	YLR112W	112
V	491032	491432	0.0049004027425364	V	491381	491399	-	promoter	YER158C	18
XIII	347069	347469	0.0049728657439322	XIII	347137	347399	+	promoter	13F-161	262
XIII	347069	347469	0.0049728657439322	XIII	346689	347085	-	promoter	YMR037C	16
XIII	347069	347469	0.0049728657439322	XIII	347254	347267	-	promoter	YMR037C	13
VIII	422465	422865	0.0049900876616425	VIII	422663	422823	+	promoter	YHR162W	160
VIII	422465	422865	0.0049900876616425	VIII	422852	423273	+	promoter	YHR162W	13
VIII	422465	422865	0.0049900876616425	VIII	421880	422721	-	promoter	YHR161C	256
VIII	422465	422865	0.0049900876616425	VIII	422447	422466	+	promoter	YHR162W	1
XII	489411	489811	0.0049983565081249	.	-1	-1	.	.	.	0
II	415312	415712	0.0050679969174199	II	415141	415611	-	promoter	YBR084C-A	299
V	467842	468242	0.0054995225602742	V	467946	467966	-	promoter	YER149C	20
V	467842	468242	0.0054995225602742	V	467807	467858	-	promoter	YER149C	16
V	467842	468242	0.0054995225602742	V	468087	468234	+	promoter	YER150W	147
VII	788232	788632	0.0055703792953521	VII	788079	788305	-	promoter	YGR148C	73
XIV	273818	274218	0.0055703792953521	XIV	274166	274206	+	promoter	YNL193W	40
XIV	273818	274218	0.0055703792953521	XIV	273341	273905	-	promoter	YNL194C	87
VII	788232	788632	0.0055703792953521	VII	788533	788736	+	promoter	YGR149W	99
VIII	48231	48631	0.0057135720147677	VIII	48228	48326	+	promoter	YHL028W	95
VIII	48231	48631	0.0057135720147677	VIII	48484	48546	-	promoter	YHL029C	62
II	798756	799156	0.0057902857114309	II	799154	799276	+	promoter	SUT024	2
II	798756	799156	0.0057902857114309	II	798540	798904	-	promoter	YBR296C	148
XV	770160	770560	0.0058046503985693	XV	770416	770460	+	promoter	YOR230W	44
X	195404	195804	0.0061909856024526	X	195602	195647	+	promoter	YJL115W	45
X	195404	195804	0.0061909856024526	X	195453	195474	-	promoter	YJL116C	21
X	195404	195804	0.0061909856024526	X	195559	195579	-	promoter	YJL116C	20
X	195404	195804	0.0061909856024526	X	195651	195716	-	promoter	YJL116C	65
V	422481	422881	0.0067457773808409	V	422805	422841	-	promoter	YER130C	36
V	422481	422881	0.0067457773808409	V	422756	422930	+	promoter	YER131W	125
V	422481	422881	0.0067457773808409	V	422343	422564	-	promoter	YER130C	83
IV	368872	369272	0.0069844740238419	IV	368830	368906	+	promoter	YDL047W	34
IV	368872	369272	0.0069844740238419	IV	369106	369162	-	promoter	YDL048C	56
IV	368872	369272	0.0069844740238419	IV	369128	369234	+	promoter	YDL047W	106
X	220233	220633	0.0070047944521124	X	220536	220702	+	promoter	YJL106W	97
II	350741	351141	0.0072141424953197	II	351039	351518	+	promoter	YBR056W-A	102
II	350741	351141	0.0072141424953197	II	350719	350786	-	promoter	2R-154	45
IX	254273	254673	0.0072824885219816	IX	254367	254404	-	promoter	YIL055C	37
VII	483677	484077	0.0076456458081462	VII	483904	484038	+	promoter	SUT120	134
VII	483677	484077	0.0076456458081462	VII	483686	483744	-	promoter	YGL007C-A	58
X	291116	291516	0.0076456458081462	X	291167	291174	-	promoter	YJL079C	7
VII	483677	484077	0.0076456458081462	VII	483846	483969	-	promoter	YGL007C-A	123
XIV	604691	605091	0.0076738867845948	XIV	604916	605006	+	promoter	YNL015W	90
XIV	604691	605091	0.0076738867845948	XIV	604758	604799	+	promoter	YNL015W	41
XIV	604691	605091	0.0076738867845948	XIV	604913	604955	-	promoter	14R-264	42
XIV	604691	605091	0.0076738867845948	XIV	604618	604710	-	promoter	SUT751	19
XIV	604691	605091	0.0076738867845948	XIV	605000	605027	-	promoter	14R-264	27
V	85011	85411	0.0079834679718094	V	85178	85200	+	promoter	YEL034W	22
XV	161644	162044	0.008423591559163	XV	162006	162110	-	promoter	YOL085C	38
V	152918	153318	0.0085923223830602	.	-1	-1	.	.	.	0
XVI	591189	591589	0.0085923223830602	XVI	591212	591216	-	promoter	YPR015C	4
IX	139061	139461	0.0089818096304618	IX	139429	139440	+	promoter	YIL118W	11
XIII	5377	5777	0.0092960545538181	.	-1	-1	.	.	.	0
XI	382357	382757	0.0093355700929838	XI	382486	382591	-	promoter	YKL032C	105
VII	159076	159476	0.0093776047063257	VII	159428	159434	+	promoter	YGL180W	6
VII	159076	159476	0.0093776047063257	VII	159472	159723	+	promoter	YGL180W	4
XV	671013	671413	0.0094604768970811	XV	670917	671078	-	promoter	YOR178C	65
V	191913	192313	0.0099694035931641	V	191543	191937	-	promoter	YER017C	24
V	191913	192313	0.0099694035931641	V	192211	192274	-	promoter	YER017C	63
VII	598788	599188	0.0102117432672638	VII	598859	598894	+	promoter	YGR055W	35
XI	278344	278744	0.0102415207895494	XI	278642	278674	-	promoter	YKL087C	32
XI	278344	278744	0.0102415207895494	XI	278730	278823	+	promoter	YKL085W	14
XI	278344	278744	0.0102415207895494	XI	278143	278605	+	promoter	YKL086W	261
XVI	840517	840917	0.0107963225687271	XVI	840613	840626	-	promoter	YPR156C	13
XVI	840517	840917	0.0107963225687271	XVI	840443	840521	-	promoter	YPR156C	4
XII	828078	828478	0.0110882939462953	XII	828238	828389	-	promoter	YLR348C	151
XII	828078	828478	0.0110882939462953	XII	828269	828472	+	promoter	YLR350W	203
XII	828078	828478	0.0110882939462953	XII	828018	828129	+	promoter	YLR350W	51
VII	700577	700977	0.0113285942931161	.	-1	-1	.	.	.	0
VIII	55887	56287	0.0130155018623111	.	-1	-1	.	.	.	0
XV	931196	931596	0.013131060736184	XV	931219	931271	+	promoter	YOR328W	52
XV	931196	931596	0.013131060736184	XV	931542	931661	+	promoter	YOR328W	54
XV	931196	931596	0.013131060736184	XV	930823	931286	-	promoter	YOR327C	90
II	419451	419851	0.0136025466283424	II	419752	419850	-	promoter	YBR085C-A	98
II	419451	419851	0.0136025466283424	II	419686	419703	-	promoter	YBR085C-A	17
XIII	343735	344135	0.0136025466283424	XIII	344005	344030	-	promoter	YMR036C	25
XIII	343735	344135	0.0136025466283424	XIII	343706	343856	-	promoter	YMR036C	121
XIII	343735	344135	0.0136025466283424	XIII	343977	343998	+	promoter	13F-160	21
XIII	343735	344135	0.0136025466283424	XIII	343806	343826	+	promoter	13F-160	20
XIII	510762	511162	0.0136025466283424	XIII	510806	510831	+	promoter	YMR122W-A	25
XIII	510762	511162	0.0136025466283424	XIII	511160	511348	+	promoter	YMR122W-A	2
XIII	343735	344135	0.0136025466283424	XIII	343690	343766	+	promoter	13F-160	31
II	419451	419851	0.0136025466283424	II	419425	419545	-	promoter	YBR085C-A	94
II	419451	419851	0.0136025466283424	II	419615	419632	-	promoter	YBR085C-A	17
VIII	175012	175412	0.0143726420398057	.	-1	-1	.	.	.	0
XI	514396	514796	0.0147939057467716	XI	514646	514702	+	promoter	YKR039W	56
XI	514396	514796	0.0147939057467716	XI	514763	514894	+	promoter	YKR039W	33
X	651394	651794	0.015164517098378	X	651540	651560	+	promoter	YJR123W	20
X	651394	651794	0.015164517098378	X	651761	652371	+	promoter	YJR123W	33
X	651394	651794	0.015164517098378	X	651597	651700	+	promoter	YJR123W	103
X	525808	526208	0.0156343574939776	X	526152	526183	+	promoter	YJR048W	31
X	525808	526208	0.0156343574939776	X	526007	526101	+	promoter	YJR048W	94
XIII	388277	388677	0.0158054919849457	XIII	388342	388352	+	promoter	YMR058W	10
XIII	388277	388677	0.0158054919849457	XIII	388625	389143	+	promoter	YMR058W	52
XIII	388277	388677	0.0158054919849457	XIII	388581	388647	-	promoter	YMR056C	66
XIII	388277	388677	0.0158054919849457	XIII	388282	388369	-	promoter	YMR056C	87
II	126284	126684	0.0161321507653346	II	126457	126526	-	promoter	2R-48	69
II	126284	126684	0.0161321507653346	II	126585	126833	+	promoter	YBL049W	99
II	126284	126684	0.0161321507653346	II	126512	126527	+	promoter	YBL049W	15
II	408587	408987	0.0166727711393312	II	408893	408970	+	promoter	YBR083W	77
II	140532	140932	0.0172869771539162	II	140922	141491	+	promoter	YBL041W	10
XV	304647	305047	0.0174012365018072	XV	304787	304797	-	promoter	YOL012C	10
XV	304647	305047	0.0174012365018072	XV	304703	304719	-	promoter	YOL012C	16
XV	304647	305047	0.0174012365018072	XV	304956	304960	+	promoter	YOL011W	4
XV	304647	305047	0.0174012365018072	XV	304886	304887	+	promoter	YOL011W	1
XV	304647	305047	0.0174012365018072	XV	304510	304820	+	promoter	YOL011W	173
XV	304647	305047	0.0174012365018072	XV	305042	305053	+	promoter	YOL011W	5
V	354819	355219	0.0175296265615418	V	354922	354924	+	promoter	YER097W	2
V	354819	355219	0.0175296265615418	V	355162	355592	+	promoter	YER098W	57
I	45269	45669	0.0178978844283994	I	45667	46002	+	promoter	YAL053W	2
I	45269	45669	0.0178978844283994	I	45651	45708	-	promoter	YAL054C	18
VII	229744	230144	0.0179573670444453	VII	229602	229886	-	promoter	YGL146C	142
II	490473	490873	0.0181922310440199	II	490623	490647	+	promoter	YBR126W-A	24
II	490473	490873	0.0181922310440199	II	490786	490860	-	promoter	YBR126C	74
II	490473	490873	0.0181922310440199	II	488971	490552	-	promoter	YBR126C	79
II	490473	490873	0.0181922310440199	II	490802	490940	+	promoter	YBR126W-A	71
XV	83083	83483	0.0192207630941558	XV	83160	83192	+	promoter	YOL125W	32
XV	83083	83483	0.0192207630941558	XV	83440	83575	+	promoter	YOL125W	43
XV	83083	83483	0.0192207630941558	XV	82893	83115	-	promoter	YOL126C	32
XII	758980	759380	0.0201684008050184	XII	759371	759392	+	promoter	YLR312W-A	9
XII	758980	759380	0.0201684008050184	XII	758807	759064	-	promoter	YLR312C	84
V	460023	460423	0.0204205218114045	V	459833	460325	-	promoter	YER144C	302
V	242090	242490	0.020583194492208	V	242139	242193	-	promoter	YER045C	54
V	242090	242490	0.020583194492208	V	242401	242463	-	promoter	YER045C	62
V	242090	242490	0.020583194492208	V	242424	242553	+	promoter	YER046W	66
XV	494258	494658	0.0211393419557975	XV	494433	494465	-	promoter	15R-235	32
XV	494258	494658	0.0211393419557975	XV	494554	494654	+	promoter	YOR092W	100
XII	1012088	1012488	0.0212241852395278	XII	1012432	1012544	+	promoter	YLR438W	56
XII	1012088	1012488	0.0212241852395278	XII	1012149	1012153	-	promoter	YLR437C	4
XII	1012088	1012488	0.0212241852395278	XII	1011946	1012129	-	promoter	YLR437C	41
XII	1012088	1012488	0.0212241852395278	XII	1012456	1012460	-	promoter	YLR437C	4
XV	901231	901631	0.0220693574772541	XV	901338	901399	-	promoter	YOR312C	61
XV	901231	901631	0.0220693574772541	XV	901074	901306	-	promoter	YOR312C	75
X	123082	123482	0.0227438498493936	X	122620	123101	-	promoter	YJL158C	19
IV	542142	542542	0.0234493709295168	.	-1	-1	.	.	.	0
IV	1461555	1461955	0.0241754143612296	IV	1461473	1461644	-	promoter	YDR506C	89
XIV	197913	198313	0.0243746124185017	XIV	197609	198180	-	promoter	YNL241C	267
XIV	197913	198313	0.0243746124185017	XIV	198147	198191	+	promoter	CUT321	44
XIV	197913	198313	0.0243746124185017	XIV	198267	198283	+	promoter	CUT321	16
VIII	98322	98722	0.0243854810718822	VIII	98347	98548	-	promoter	YHL007C	201
VIII	98322	98722	0.0243854810718822	VIII	98373	98444	+	promoter	YHL004W	71
VIII	296744	297144	0.024909509942569	VIII	296697	296807	-	promoter	YHR096C	63
XIII	754245	754645	0.0262307526838817	XIII	754172	754505	-	promoter	YMR242C	260
XV	779567	779967	0.027112291081731	XV	779582	779634	-	promoter	YOR234C	52
XV	779567	779967	0.027112291081731	XV	779694	779698	-	promoter	YOR234C	4
XV	779567	779967	0.027112291081731	XV	779766	779781	-	promoter	YOR234C	15
XV	511321	511721	0.0280138531841914	XV	511600	511830	+	promoter	YOR099W	121
X	424187	424587	0.02915412532284	.	-1	-1	.	.	.	0
XVI	526929	527329	0.0294023636811206	XVI	527271	527299	+	promoter	YPL014W	28
V	558911	559311	0.0295206640492886	V	558833	559145	-	promoter	YER184C	234
V	558911	559311	0.0295206640492886	V	558925	558974	+	promoter	YER185W	49
XVI	450775	451175	0.0295206640492886	XVI	451085	451142	-	promoter	YPL058C	57
XVI	450775	451175	0.0295206640492886	XVI	451170	451263	+	promoter	16F-180	5
XVI	450775	451175	0.0295206640492886	XVI	450501	450826	-	promoter	YPL058C	51
IX	257171	257571	0.0296515262958605	IX	257371	257385	-	promoter	YIL052C	14
IX	257171	257571	0.0296515262958605	IX	257569	257572	-	promoter	YIL052C	2
IX	257171	257571	0.0296515262958605	IX	257015	257189	-	promoter	YIL052C	18
XVI	921046	921446	0.0298348835302907	XVI	921124	921147	+	promoter	YPR192W	23
IV	1278556	1278956	0.0308925457554938	IV	1278569	1278737	+	promoter	YDR406W	168
XIII	457993	458393	0.0308925457554938	XIII	458303	458439	+	promoter	YMR096W	90
XIII	457993	458393	0.0308925457554938	XIII	458027	458072	-	promoter	YMR095C	45
IV	330487	330887	0.0308925457554938	IV	330687	330766	+	promoter	YDL070W	79
IV	330487	330887	0.0308925457554938	IV	330187	330551	-	promoter	YDL072C	64
IV	330487	330887	0.0308925457554938	IV	330573	330704	-	promoter	YDL072C	131
IV	330487	330887	0.0308925457554938	IV	330847	330899	-	promoter	YDL072C	40
XIII	457993	458393	0.0308925457554938	XIII	458126	458131	-	promoter	YMR095C	5
IV	330487	330887	0.0308925457554938	IV	330879	330923	+	promoter	YDL070W	8
XV	877727	878127	0.0313242798348384	XV	878024	878086	-	promoter	YOR298C-A	62
XV	877727	878127	0.0313242798348384	XV	877122	877869	-	promoter	YOR298C-A	142
XV	877727	878127	0.0313242798348384	XV	878060	878187	+	promoter	YOR299W	67
II	45164	45564	0.0319449038869259	II	45437	45455	-	promoter	YBL093C	18
II	45164	45564	0.0319449038869259	II	45294	45364	+	promoter	YBL092W	70
II	45164	45564	0.0319449038869259	II	45491	45738	+	promoter	YBL092W	73
VII	428053	428453	0.0321689965564191	VII	427410	428092	-	promoter	YGL037C	39
VII	428053	428453	0.0321689965564191	VII	428133	428176	+	promoter	YGL036W	43
VII	428053	428453	0.0321689965564191	VII	428342	428358	-	promoter	YGL037C	16
XIV	335814	336214	0.0336231697595004	XIV	335961	335976	+	promoter	YNL160W	15
XIV	335814	336214	0.0336231697595004	XIV	336193	336256	-	promoter	14R-130	21
IV	155977	156377	0.0336231697595004	IV	156263	156366	+	promoter	YDL170W	103
XIV	335814	336214	0.0336231697595004	XIV	335942	336076	-	promoter	14R-130	134
XIV	335814	336214	0.0336231697595004	XIV	336105	336137	+	promoter	YNL160W	32
II	167963	168363	0.0336231697595004	II	168294	168429	+	promoter	YBL027W	69
II	167963	168363	0.0336231697595004	II	168130	168198	+	promoter	YBL027W	68
XIV	335814	336214	0.0336231697595004	XIV	335847	335867	-	promoter	14R-130	20
IV	155977	156377	0.0336231697595004	IV	155739	155987	-	promoter	YDL171C	10
II	167963	168363	0.0336231697595004	II	167954	167964	-	promoter	YBL028C	1
VII	156140	156540	0.0342848211227919	VII	155994	156293	-	promoter	YGL184C	153
XIII	26060	26460	0.0344829788496746	XIII	26412	26483	-	promoter	YML122C	48
VIII	126029	126429	0.0345641498722369	VIII	126360	126371	+	promoter	YHR010W	11
VIII	126029	126429	0.0345641498722369	VIII	126406	126595	+	promoter	YHR010W	23
VIII	126029	126429	0.0345641498722369	VIII	126210	126314	+	promoter	YHR010W	104
XVI	408837	409237	0.0347874968585131	XVI	408959	409017	-	promoter	YPL078C	58
XVI	408837	409237	0.0347874968585131	XVI	408653	408863	-	promoter	YPL078C	26
XVI	408837	409237	0.0347874968585131	XVI	409053	409097	+	promoter	CUT417	44
XIII	551262	551662	0.03480609567478	XIII	551157	551286	-	promoter	YMR142C	24
VI	221586	221986	0.03508257230053	VI	221383	221664	-	promoter	YFR031C-A	78
VI	221586	221986	0.03508257230053	VI	221718	221784	-	promoter	YFR031C-A	66
XIV	405690	406090	0.0366954637557053	.	-1	-1	.	.	.	0
XII	931935	932335	0.0369289682570357	XII	932076	932113	-	promoter	YLR406C	37
XII	931935	932335	0.0369289682570357	XII	931922	931996	-	promoter	YLR406C	61
XVI	582819	583219	0.0376728761778296	XVI	582725	582935	-	promoter	YPR010C-A	116
XVI	582819	583219	0.0376728761778296	XVI	582994	583163	+	promoter	SUT416	169
XII	65302	65702	0.0386865339236489	XII	65692	65737	-	promoter	YLL039C	10
XII	65302	65702	0.0386865339236489	XII	64382	65406	-	promoter	YLL039C	104
IV	569745	570145	0.0397475999935937	IV	569722	569865	-	promoter	YDR059C	120
IV	569745	570145	0.0397475999935937	IV	569727	569759	+	promoter	YDR060W	14
IV	569745	570145	0.0397475999935937	IV	569929	569936	+	promoter	YDR060W	7
IV	569745	570145	0.0397475999935937	IV	570038	570130	+	promoter	YDR060W	92
XVI	382894	383294	0.0411847765271788	XVI	383080	383546	+	promoter	YPL087W	214
XVI	382894	383294	0.0411847765271788	XVI	382863	382969	-	promoter	CUT896	75
V	294960	295360	0.0412549853973163	V	294961	294976	+	promoter	YER069W	15
V	294960	295360	0.0412549853973163	V	295268	295274	+	promoter	YER069W	6
V	294960	295360	0.0412549853973163	V	295314	295662	+	promoter	YER069W	46
IV	1080429	1080829	0.0415032207820732	IV	1080703	1080711	-	promoter	YDR309C	8
V	268355	268755	0.0416991011857307	V	268712	268718	-	promoter	YER056C	6
V	268355	268755	0.0416991011857307	V	268728	269082	+	promoter	5F-128	27
X	337580	337980	0.0442264227095893	X	337653	337761	-	promoter	CUT689	108
X	337580	337980	0.0442264227095893	X	337938	338030	+	promoter	YJL052W	42
X	337580	337980	0.0442264227095893	X	337435	337581	+	promoter	YJL052W	1
X	348718	349118	0.0445840358962046	X	348791	348992	-	promoter	YJL048C	201
X	348718	349118	0.0445840358962046	X	348142	348747	-	promoter	YJL048C	29
II	595573	595973	0.0447815570097835	II	595830	595877	-	promoter	YBR182C-A	47
II	595573	595973	0.0447815570097835	II	595737	595778	-	promoter	YBR182C-A	41
II	595573	595973	0.0447815570097835	II	595580	595598	-	promoter	YBR182C-A	18
II	595573	595973	0.0447815570097835	II	595881	595910	+	promoter	YBR183W	29
VII	165835	166235	0.0448291428883494	VII	165896	166133	-	promoter	YGL179C	237
VII	165835	166235	0.0448291428883494	VII	165692	165840	-	promoter	YGL179C	5
XV	391479	391879	0.0451391467051302	XV	391836	391843	+	promoter	YOR032W-A	7
XII	809069	809469	0.0452289741069207	XII	809078	809088	+	promoter	YLR342W	10
IV	1242239	1242639	0.0452289741069207	IV	1242059	1242265	-	promoter	YDR384C	26
IV	1242239	1242639	0.0452289741069207	IV	1242575	1242596	+	promoter	YDR385W	21
IV	1242239	1242639	0.0452289741069207	IV	1242524	1242536	-	promoter	YDR384C	12
XII	809069	809469	0.0452289741069207	XII	809158	809229	-	promoter	12R-297	71
IV	1242239	1242639	0.0452289741069207	IV	1242343	1242389	-	promoter	YDR384C	46
II	624912	625312	0.0461327985093496	II	624990	625110	-	promoter	YBR201C-A	120
II	624912	625312	0.0461327985093496	II	625253	625276	+	promoter	YBR202W	23
XVI	281650	282050	0.0468721840295336	XVI	281971	282161	+	promoter	YPL143W	79
XVI	281650	282050	0.0468721840295336	XVI	281831	281833	+	promoter	YPL143W	2
V	261428	261828	0.0484044092028682	V	261721	261861	-	promoter	YER053C-A	107
V	261428	261828	0.0484044092028682	V	261399	261439	-	promoter	YER053C-A	11
XII	1	334	0.0489333413288753	.	-1	-1	.	.	.	0
VII	438456	438856	0.0496134413745398	VII	438378	438476	-	promoter	YGL031C	20
VII	438456	438856	0.0496134413745398	VII	438542	438617	-	promoter	YGL031C	75
XII	416846	417246	0.049629899904566	XII	416942	417270	+	promoter	YLR137W	304
XIV	281572	281972	0.0497834256412434	.	-1	-1	.	.	.	0
