I	1	386	-1.1640599814943229	7.458538349030514e-7	I	335	646	+	CDS	YAL069W	51
I	20822	21222	-0.3602332725118308	0.11913426561098273	.	-1	-1	.	.	.	0
I	32853	33253	0.30492744856578685	0.42364897819946995	I	31567	32937	+	CDS	YAL062W	84
I	45269	45669	-0.617157070330583	0.017897884428399468	.	-1	-1	.	.	.	0
I	68348	68748	-0.43635849048415143	0.12504577224333105	I	68719	69525	-	CDS	YAL039C	29
I	92466	92866	0.038420081328529046	0.8979358694875179	.	-1	-1	.	.	.	0
I	138941	139341	-0.0710809578181759	0.808233873008149	.	-1	-1	.	.	.	0
I	141641	142041	-0.4029957416966776	0.14405020454939668	.	-1	-1	.	.	.	0
I	166004	166404	0.01322670629130291	0.9720940319631152	.	-1	-1	.	.	.	0
I	180964	181364	-0.37515835883037685	0.07379468944474882	.	-1	-1	.	.	.	0
I	189808	190208	-1.2041296264785277	3.9271533064799194e-7	I	190193	192253	+	CDS	YAR035W	15
I	220097	220497	0.5208461873375171	0.13836027172942572	I	220198	220494	+	CDS	YAR064W	296
I	229765	230165	-1.1278641288045925	7.510279346487264e-6	.	-1	-1	.	.	.	0
II	1	321	-0.293081092777145	0.3467094014763437	II	283	2658	-	CDS	YBL113C	38
II	5716	6116	-1.2028644873510723	8.714391676864946e-7	II	5790	6122	+	CDS	YBL109W	326
II	9390	9790	0.06061764047448993	0.8531359191460325	.	-1	-1	.	.	.	0
II	36310	36710	-0.1730107917048237	0.5502008784124848	.	-1	-1	.	.	.	0
II	45164	45564	-0.50130243506732175	0.03194490388692594	.	-1	-1	.	.	.	0
II	60791	61191	0.2734774864674055	0.3378668360240419	.	-1	-1	.	.	.	0
II	89479	89879	-0.28245598697402674	0.27309649302479067	II	89461	89556	-	CDS	YBL071C-B	77
II	101209	101609	0.1492587230907907	0.5315678262548502	.	-1	-1	.	.	.	0
II	116828	117228	-0.1334366919394932	0.5853325456443506	II	115576	116829	-	CDS	YBL055C	1
II	126284	126684	-0.4653497906069637	0.016132150765334672	.	-1	-1	.	.	.	0
II	135923	136323	-0.7688742051467613	0.002421759803504047	II	135998	136363	+	CDS	YBL044W	325
II	140532	140932	-0.6421107223692993	0.01728697715391623	.	-1	-1	.	.	.	0
II	159692	160092	-0.3819184792944096	0.06573946680945693	II	158659	159693	-	CDS	YBL033C	1
II	165036	165436	-0.8626064207662415	2.839324399004891e-4	.	-1	-1	.	.	.	0
II	167963	168363	-0.5017788470751603	0.033623169759500485	.	-1	-1	.	.	.	0
II	193548	193948	-0.6689724531856999	0.0025428780407468063	.	-1	-1	.	.	.	0
II	197400	197800	-0.04123478086433393	0.9231041182470515	.	-1	-1	.	.	.	0
II	202906	203306	-0.3428427322007886	0.12939266199332758	II	202056	203258	+	CDS	YBL013W	352
II	227031	227431	0.07669250943413057	0.80277595569843	.	-1	-1	.	.	.	0
II	235949	236349	-0.3169123636312548	0.13545360364281525	.	-1	-1	.	.	.	0
II	332408	332808	0.08306187002849584	0.80277595569843	.	-1	-1	.	.	.	0
II	336842	337242	-0.24788993121184044	0.2739229302538121	II	337186	338199	-	CDS	YBR050C	56
II	338564	338964	-1.1624363274612792	6.291405351592184e-5	II	338723	339352	-	CDS	YBR052C	241
II	341547	341947	-0.8799327506024526	2.4318806695403706e-6	.	-1	-1	.	.	.	0
II	350741	351141	-0.6242936271858331	0.00721414249531972	.	-1	-1	.	.	.	0
II	373085	373485	-0.46380557665610267	0.0803160583736639	.	-1	-1	.	.	.	0
II	375899	376299	-1.0072022418373119	5.633310811367332e-6	.	-1	-1	.	.	.	0
II	378672	379072	-0.6685312551687033	6.26144237546013e-4	.	-1	-1	.	.	.	0
II	381281	381681	-0.8873119108766584	5.147528032539639e-4	.	-1	-1	.	.	.	0
II	392327	392727	-0.3908653626168387	0.1267386835417485	.	-1	-1	.	.	.	0
II	405832	406232	-0.1891883382856222	0.44622781860519606	.	-1	-1	.	.	.	0
II	408587	408987	-0.5142488063392812	0.01667277113933125	.	-1	-1	.	.	.	0
II	415312	415712	-0.6133472269852813	0.005067996917419944	.	-1	-1	.	.	.	0
II	419451	419851	-0.5924173138971821	0.013602546628342463	.	-1	-1	.	.	.	0
II	426758	427158	-0.28961629426059987	0.1417246094786373	II	426874	427058	-	CDS	YBR090C	184
II	452067	452467	-0.35251118669862613	0.19005950666383412	.	-1	-1	.	.	.	0
II	466238	466638	-0.9286767367438284	7.803639271725397e-6	.	-1	-1	.	.	.	0
II	477024	477424	-0.5997297380196182	0.004510692725470478	.	-1	-1	.	.	.	0
II	490473	490873	-0.5995854137149406	0.018192231044019954	II	490850	491053	+	CDS	YBR126W-A	23
II	504414	504814	-0.03250422531419668	0.9231041182470515	II	504243	504641	+	CDS	YBR134W	227
II	544477	544877	0.17538680198294793	0.4377643958186351	II	541212	544493	-	CDS	YBR150C	16
II	554739	555139	-0.06997221132567866	0.8557922741974205	.	-1	-1	.	.	.	0
II	564886	565286	0.5178342804588936	0.03154515769917683	II	565231	565425	+	CDS	YBR162W-A	55
II	592800	593200	-0.14641655251239907	0.5776041577094686	.	-1	-1	.	.	.	0
II	595573	595973	-0.39433362823064555	0.04478155700978359	.	-1	-1	.	.	.	0
II	604100	604500	0.4758686420202694	0.042606022894579355	II	603688	604107	-	CDS	YBR188C	7
II	605822	606222	-0.11033861239322264	0.7067156464843687	II	605966	606274	+	CDS	YBR190W	256
II	624912	625312	-0.49067073918843446	0.04613279850934962	.	-1	-1	.	.	.	0
II	628451	628851	-0.7713335381550261	1.1791008112267519e-4	.	-1	-1	.	.	.	0
II	642799	643199	-0.016114270508582614	0.9690844103229117	II	642583	642897	+	CDS	YBR209W	98
II	651281	651681	-0.853719723323594	1	II	651415	652995	+	CDS	YBR214W	266
II	662511	662911	-0.09308039125443353	0.7817049720526219	II	662502	662581	-	CDS	YBR219C	70
II	668577	668977	0.1048850011271386	0.7005823218866429	II	668666	670297	-	CDS	YBR223C	311
II	668577	668977	0.1048850011271386	0.7005823218866429	II	668721	668837	+	CDS	YBR223W-A	116
II	680042	680442	0.03940988025727996	0.9229621740751525	II	680040	680050	-	CDS	YBR230C	8
II	680042	680442	0.03940988025727996	0.9229621740751525	II	680362	680559	+	CDS	YBR230W-A	80
II	697439	697839	0.30991757355128935	0.18815426234178126	.	-1	-1	.	.	.	0
II	702109	702509	0.1615224268976843	0.5739175505995149	.	-1	-1	.	.	.	0
II	770539	770939	0.476109709284787	0.034284821122791916	.	-1	-1	.	.	.	0
II	798756	799156	-0.7441156755366557	0.005790285711430997	.	-1	-1	.	.	.	0
II	812935	813335	-0.35000375558779684	0.31535872999097064	.	-1	-1	.	.	.	0
III	287	687	-1.171966296111432	1.1858014940367884e-6	.	-1	-1	.	.	.	0
III	50487	50887	-0.9469606661662219	1.0781360607404462e-5	III	50136	50627	-	CDS	YCL041C	140
III	50487	50887	-0.9469606661662219	1.0781360607404462e-5	III	50584	50940	+	CDS	YCL042W	303
III	50487	50887	-0.9469606661662219	1.0781360607404462e-5	III	50838	52337	+	CDS	YCL040W	49
III	78130	78530	-1.8804464896098303	1.371365775320206e-12	.	-1	-1	.	.	.	0
III	90789	91189	-0.08380313744484333	0.8300638417613371	.	-1	-1	.	.	.	0
III	122622	123022	-1.1283518112032092	4.121532308508446e-5	III	122533	123003	-	CDS	YCR006C	381
III	127630	128030	-0.4029032876671175	0.1417246094786373	.	-1	-1	.	.	.	0
III	133348	133748	-0.7861723092562434	7.928257163650269e-4	III	133727	136873	-	CDS	YCR011C	21
III	137041	137441	-0.19698389562978963	0.45746209073713995	.	-1	-1	.	.	.	0
III	163493	163893	-0.21488018500520933	0.39496920567669724	III	163449	163856	-	CDS	YCR025C	363
III	178219	178619	-0.06501249511740556	0.8246573913613946	III	178214	178220	-	CDS	YCR031C	1
III	227759	228159	-0.052757607068573006	0.8555001958482776	III	228098	228505	-	CDS	YCR064C	61
III	236394	236794	-0.12932198716856114	0.6356529828868615	.	-1	-1	.	.	.	0
III	238301	238701	-0.7122662240157689	1	III	237214	238773	+	CDS	YCR068W	400
III	246613	247013	0.4511523398017544	0.04169910118573076	III	246963	247907	+	CDS	YCR073W-A	50
III	295317	295717	-0.3545890965324945	0.14988331158541282	.	-1	-1	.	.	.	0
III	315995	316395	-1.1582068009574562	4.780140034229259e-6	III	316000	316188	-	CDS	YCR108C	188
IV	67	467	-1.1898340440445336	7.458538349030514e-7	.	-1	-1	.	.	.	0
IV	13823	14223	0.07562233049960751	0.5949479878356895	.	-1	-1	.	.	.	0
IV	62111	62511	-0.4926549262091095	0.09634244293426569	IV	62011	62559	+	CDS	YDL221W	400
IV	62111	62511	-0.4926549262091095	0.09634244293426569	IV	62247	65018	-	CDS	YDL220C	264
IV	76778	77178	-0.2285335760333991	0.48794625730587465	.	-1	-1	.	.	.	0
IV	98089	98489	0.3015867958224971	0.19888352787994587	IV	98475	99221	+	CDS	YDL202W	14
IV	117246	117646	0.16124685880244793	0.4829836528011623	.	-1	-1	.	.	.	0
IV	125171	125571	0.7903593641253657	3.4910433044712543e-4	IV	125512	125838	-	CDS	YDL187C	59
IV	130513	130913	-0.1038439188077557	0.7401728837903878	IV	130874	131833	-	CDS	YDL183C	39
IV	132829	133229	-0.46973105604339566	0.12547820638508592	.	-1	-1	.	.	.	0
IV	147707	148107	-0.3495240672886225	0.19349883530103665	.	-1	-1	.	.	.	0
IV	155977	156377	-0.42684012683988215	0.033623169759500485	IV	156318	157901	+	CDS	YDL170W	59
IV	211018	211418	0.17499074959080044	0.526392467503364	IV	211378	212046	-	CDS	YDL139C	40
IV	215718	216118	-0.010928261669207854	0.9752522843744028	.	-1	-1	.	.	.	0
IV	217185	217585	0.021700318882599892	0.9479477541933656	.	-1	-1	.	.	.	0
IV	221892	222292	-0.07788826644167107	0.8247142057439335	.	-1	-1	.	.	.	0
IV	226906	227306	0.24619842213837714	0.5231448273208991	.	-1	-1	.	.	.	0
IV	239782	240182	-0.2657436943559025	0.29069580978033227	.	-1	-1	.	.	.	0
IV	302827	303227	-0.1388902930849038	0.5877117078267312	IV	303211	304845	+	CDS	YDL085W	16
IV	307875	308275	-0.3215696409030943	0.18815426234178126	.	-1	-1	.	.	.	0
IV	321754	322154	-0.13244773217161726	0.6505202060204456	.	-1	-1	.	.	.	0
IV	330487	330887	-0.42878500063404634	0.030892545755493855	IV	330669	331040	-	CDS	YDL071C	218
IV	341216	341616	0.6014912756409382	0.011863287639898617	.	-1	-1	.	.	.	0
IV	359444	359844	0.13645954033840624	0.6092108277798401	IV	359828	361285	-	CDS	YDL054C	16
IV	366196	366596	-0.39947343335422225	0.05404790322913851	.	-1	-1	.	.	.	0
IV	368872	369272	-0.7171516750980055	0.006984474023841965	.	-1	-1	.	.	.	0
IV	386706	387106	-0.46103337016581225	0.07074815947433395	.	-1	-1	.	.	.	0
IV	411179	411579	-0.7911631649950897	4.710542388606331e-4	.	-1	-1	.	.	.	0
IV	416829	417229	-0.19145974016002387	0.49248543947179996	.	-1	-1	.	.	.	0
IV	431884	432284	-1.425089895946941	9.309396597231403e-9	.	-1	-1	.	.	.	0
IV	442514	442914	-0.0045629318828758186	0.9882148229184818	.	-1	-1	.	.	.	0
IV	452635	453035	-0.3603657192421562	0.07994491901657268	.	-1	-1	.	.	.	0
IV	461292	461692	-0.18520998356608842	0.4889692487884293	.	-1	-1	.	.	.	0
IV	465049	465449	-0.8119486675705011	1.8639105801415243e-4	IV	465054	465383	-	CDS	YDR010C	329
IV	488662	489062	0.003978134173969983	0.9891069190864528	.	-1	-1	.	.	.	0
IV	491053	491453	-0.25347215324667205	0.29820872520005143	IV	491017	491499	+	CDS	YDR024W	400
IV	512154	512554	0.2820755495746036	0.4725824877382917	.	-1	-1	.	.	.	0
IV	519591	519991	-0.16270348680041757	0.588316967118117	.	-1	-1	.	.	.	0
IV	520847	521247	0.1108812673875205	0.7515406270969432	.	-1	-1	.	.	.	0
IV	538965	539365	-0.9750337260854384	8.909382546617557e-5	.	-1	-1	.	.	.	0
IV	542142	542542	-0.5968000595423155	0.023449370929516877	.	-1	-1	.	.	.	0
IV	543814	544214	-0.39526208680203423	0.19621346301935394	.	-1	-1	.	.	.	0
IV	546022	546422	-0.025745391733031385	0.9459356504122453	.	-1	-1	.	.	.	0
IV	550812	551212	-1.4980317229604412	3.035548543575139e-10	.	-1	-1	.	.	.	0
IV	556649	557049	-0.1621471726038921	0.4848731900166415	.	-1	-1	.	.	.	0
IV	562667	563067	-0.39889786320946585	0.14121374851242896	.	-1	-1	.	.	.	0
IV	568669	569069	-0.02387584097038401	0.9523870647424746	IV	567726	568703	-	CDS	YDR058C	34
IV	569745	570145	-0.4540393001418946	0.039747599993593764	IV	569724	569770	-	CDS	YDR059C	25
IV	588426	588826	-0.26310133999723145	0.48794625730587465	.	-1	-1	.	.	.	0
IV	591842	592242	-0.9041640839244747	3.112408054463831e-4	.	-1	-1	.	.	.	0
IV	599894	600294	-0.9401262592962814	1.2763558378744148e-4	.	-1	-1	.	.	.	0
IV	635945	636345	-1.1785556576288954	3.799355818825845e-7	IV	631282	636117	+	CDS	YDR093W	172
IV	635945	636345	-1.1785556576288954	3.799355818825845e-7	IV	635840	636172	+	CDS	YDR094W	227
IV	635945	636345	-1.1785556576288954	3.799355818825845e-7	IV	636120	636527	-	CDS	YDR095C	225
IV	644963	645363	-0.2169011219606219	0.38757082923595093	.	-1	-1	.	.	.	0
IV	680106	680506	0.10343158010884534	0.7814850028775832	IV	680499	681617	-	CDS	YDR113C	7
IV	690537	690937	0.1635629313972813	0.6318092399976735	.	-1	-1	.	.	.	0
IV	699509	699909	0.12725110697249503	0.710708131653969	.	-1	-1	.	.	.	0
IV	721708	722108	-0.6652900854439348	0.00196839990165944	.	-1	-1	.	.	.	0
IV	755181	755581	-0.3066015422077987	0.1649615300556701	IV	755558	756262	-	CDS	YDR149C	23
IV	765247	765647	-0.3885582789986652	0.0719444112618215	.	-1	-1	.	.	.	0
IV	769081	769481	-0.23589519175594137	0.3395538751145441	.	-1	-1	.	.	.	0
IV	802478	802878	0.4939327296770112	0.026644118778245632	.	-1	-1	.	.	.	0
IV	806146	806546	-0.8107980248562566	3.3205037495427777e-4	.	-1	-1	.	.	.	0
IV	811702	812102	-0.28740066194923114	0.1779543722131044	.	-1	-1	.	.	.	0
IV	835845	836245	-0.6263021701311795	0.0033759193906646996	IV	836231	836746	-	CDS	YDR187C	14
IV	867526	867926	-0.032879628114552806	0.9231041182470515	.	-1	-1	.	.	.	0
IV	884301	884701	0.12594782053901302	0.6728264868916309	.	-1	-1	.	.	.	0
IV	894081	894481	-0.961446115458397	5.779380367732506e-6	IV	894092	894502	-	CDS	YDR215C	389
IV	909393	909793	0.09968694173191235	0.7067156464843687	IV	907330	909435	+	CDS	YDR221W	42
IV	926856	927256	-0.20761836474047315	0.4070488802513635	IV	926296	926910	-	CDS	YDR231C	54
IV	930531	930931	0.22745242457995324	0.4148766266621188	.	-1	-1	.	.	.	0
IV	955121	955521	-0.95345686365559	1.7964409217186263e-5	IV	955133	955330	+	CDS	YDR246W-A	197
IV	959930	960330	-0.16636571928587934	0.570493499112443	IV	960089	960361	-	CDS	YDR250C	241
IV	974262	974662	-1.1450747563486814	3.4124145578190284e-5	IV	974634	975782	-	CDS	YDR259C	28
IV	976433	976833	-0.8624805941813536	2.1268629119658414e-4	IV	976720	977229	-	CDS	YDR260C	113
IV	992733	993133	-0.20442396553662248	0.4101351267889556	.	-1	-1	.	.	.	0
IV	1011596	1011996	-0.7570015581362146	0.002239436401115793	IV	1011592	1011960	-	CDS	YDR274C	364
IV	1013735	1014135	-0.42409074395032137	0.10013838774540001	.	-1	-1	.	.	.	0
IV	1015996	1016396	-0.4387977352173824	0.11572953029450556	.	-1	-1	.	.	.	0
IV	1055923	1056323	0.4391724657522134	0.0534091479720555	.	-1	-1	.	.	.	0
IV	1075186	1075586	0.1934198345712459	0.38757082923595093	.	-1	-1	.	.	.	0
IV	1080429	1080829	-0.41025568559512327	0.041503220782073275	.	-1	-1	.	.	.	0
IV	1090037	1090437	0.7585173781984902	7.53740077688674e-4	IV	1089222	1090079	-	CDS	YDR313C	42
IV	1090037	1090437	0.7585173781984902	7.53740077688674e-4	IV	1090436	1092511	-	CDS	YDR314C	1
IV	1095187	1095587	0.49013305273472885	0.05245612741058502	.	-1	-1	.	.	.	0
IV	1150567	1150967	0.39205230227910415	0.12534273152324588	IV	1150881	1151180	+	CDS	YDR340W	86
IV	1156322	1156722	-0.7658004712593158	0.0011777810347332602	.	-1	-1	.	.	.	0
IV	1161764	1162164	-0.9792314614091411	8.530636222054308e-5	IV	1162009	1162449	-	CDS	YDR344C	155
IV	1164858	1165258	-0.4057556236608245	0.11039248986844205	.	-1	-1	.	.	.	0
IV	1166363	1166763	-0.3171267835433268	0.17002736583990752	.	-1	-1	.	.	.	0
IV	1175676	1176076	0.329947267957332	0.1380247534468487	.	-1	-1	.	.	.	0
IV	1194983	1195383	0.43740254158329295	0.036356619256263156	IV	1194598	1195029	+	CDS	YDR360W	46
IV	1201646	1202046	0.03275286961747124	0.9250654096083903	.	-1	-1	.	.	.	0
IV	1233666	1234066	-0.6072583810030365	0.0038706287258951423	.	-1	-1	.	.	.	0
IV	1242239	1242639	-0.5101024806817693	0.045228974106920776	.	-1	-1	.	.	.	0
IV	1251673	1252073	-0.2793954625896187	0.26907943362414405	.	-1	-1	.	.	.	0
IV	1266871	1267271	0.28641308040858315	0.17911138327731724	IV	1266862	1266898	-	CDS	YDR397C	27
IV	1278556	1278956	-0.5694381583479805	0.030892545755493855	.	-1	-1	.	.	.	0
IV	1288966	1289366	0.6965988670470872	0.0036898324557710672	.	-1	-1	.	.	.	0
IV	1301191	1301591	0.07128003356917041	0.8227309432980314	IV	1301558	1301926	-	CDS	YDR417C	33
IV	1345292	1345692	-0.2984567132573961	0.21441990012124007	IV	1345647	1346036	+	CDS	YDR442W	45
IV	1345292	1345692	-0.2984567132573961	0.21441990012124007	IV	1345679	1349938	-	CDS	YDR443C	13
IV	1359492	1359892	0.11239159372528645	0.6961042061316511	.	-1	-1	.	.	.	0
IV	1362350	1362750	0.17731742762575942	0.5141676677046396	.	-1	-1	.	.	.	0
IV	1385718	1386118	0.5864170141864625	0.007673886784594829	IV	1385527	1385766	-	CDS	YDR461C-A	48
IV	1385718	1386118	0.5864170141864625	0.007673886784594829	IV	1386073	1386513	+	CDS	YDR462W	45
IV	1401328	1401728	0.045631502944019214	0.8871196623728113	.	-1	-1	.	.	.	0
IV	1429084	1429484	-0.6185272016690229	0.0042007978044205346	IV	1429191	1430789	-	CDS	YDR488C	293
IV	1434306	1434706	-0.14660690166095813	0.521801642110295	IV	1434503	1434991	-	CDS	YDR491C	203
IV	1450815	1451215	0.355195398781473	0.1229704354519424	IV	1450847	1450853	-	CDS	YDR500C	6
IV	1459640	1460040	-1.0894536322640098	7.197991461306284e-5	IV	1459731	1461554	-	CDS	YDR506C	309
IV	1461555	1461955	-0.5301859577018937	0.024175414361229622	.	-1	-1	.	.	.	0
IV	1468804	1469204	-0.8806418466773083	1.1704486483066489e-4	.	-1	-1	.	.	.	0
IV	1490042	1490442	-0.7261082510338185	0.003626074606897222	IV	1489905	1490231	+	CDS	YDR525W	189
IV	1493448	1493848	0.07709802036472836	0.8141156396304181	.	-1	-1	.	.	.	0
IV	1507210	1507610	-0.7671436069704538	5.705291716113566e-4	IV	1507315	1507362	-	CDS	YDR535C	47
IV	1522725	1523125	0.04717859525516533	0.9036231756216859	.	-1	-1	.	.	.	0
IV	1525031	1525431	-1.0577003483759388	7.641294934385137e-6	IV	1525098	1525523	-	CDS	YDR544C	333
IX	1	229	0.07478427453173667	0.879274987031533	.	-1	-1	.	.	.	0
IX	21876	22276	-0.12126588899139903	0.7451898785714299	.	-1	-1	.	.	.	0
IX	41455	41855	0.44900377483946546	0.0719444112618215	IX	41825	45949	+	CDS	YIL159W	30
IX	54094	54494	-1.3281533434138235	1.2946895325453395e-6	IX	53984	55021	-	CDS	YIL154C	400
IX	68255	68655	-0.21917474521383967	0.41118498921598173	.	-1	-1	.	.	.	0
IX	77645	78045	0.9391648693424138	9.858876950271532e-5	.	-1	-1	.	.	.	0
IX	99508	99908	-0.18441430946953963	0.5042488296003441	IX	99863	100501	-	CDS	YIL132C	45
IX	102273	102673	0.335570696219351	0.12125717335916356	.	-1	-1	.	.	.	0
IX	117624	118024	0.555208286065485	0.03465452668823133	IX	117027	117644	-	CDS	YIL127C	20
IX	117624	118024	0.555208286065485	0.03465452668823133	IX	117992	122068	+	CDS	YIL126W	32
IX	122127	122527	-0.24870461558583856	0.29069580978033227	.	-1	-1	.	.	.	0
IX	129840	130240	-0.1773378353782025	0.5272132822386553	.	-1	-1	.	.	.	0
IX	131773	132173	-0.12930849486914747	0.5844227917594228	.	-1	-1	.	.	.	0
IX	139061	139461	-0.6255605423796184	0.008981809630461891	.	-1	-1	.	.	.	0
IX	141718	142118	-0.2081233431227763	0.3710529059865536	.	-1	-1	.	.	.	0
IX	150174	150574	0.15002933371579577	0.5231448273208991	IX	150559	151185	+	CDS	YIL113W	15
IX	165924	166324	0.34747752178949054	0.2191221060255406	.	-1	-1	.	.	.	0
IX	174873	175273	-0.26842047185282397	0.3710529059865536	IX	174585	174887	-	CDS	YIL102C	14
IX	177453	177853	-0.8224517608557229	1.0080288730387003e-4	IX	177346	177681	-	CDS	YIL100C-A	228
IX	177453	177853	-0.8224517608557229	1.0080288730387003e-4	IX	177373	177723	+	CDS	YIL100W	270
IX	197496	197896	-0.18482219459899318	0.4663003097999203	.	-1	-1	.	.	.	0
IX	232522	232922	-0.13242561273130582	0.6323113015060631	.	-1	-1	.	.	.	0
IX	249000	249400	-1.0661836118628867	9.218523100744013e-6	.	-1	-1	.	.	.	0
IX	254273	254673	-0.6993886539656389	0.007282488521981602	IX	254543	254857	+	CDS	YIL054W	130
IX	257171	257571	-0.5025667346264836	0.02965152629586052	.	-1	-1	.	.	.	0
IX	258343	258743	-0.2616017847302677	0.26805115025165444	.	-1	-1	.	.	.	0
IX	268007	268407	-0.7806547869273313	5.683107239553102e-4	IX	268309	268470	+	CDS	YIL046W-A	98
IX	316296	316696	-0.22681138422092695	0.38757082923595093	.	-1	-1	.	.	.	0
IX	324184	324584	0.025905359806843792	0.9428422741825405	.	-1	-1	.	.	.	0
IX	332648	333048	-0.6828087548715376	0.0018995947747238002	IX	333011	333349	+	CDS	YIL012W	37
IX	382704	383104	-0.24931996425295572	0.3720519445413699	IX	382628	383422	+	CDS	YIR016W	400
IX	387761	388161	0.26289873544270626	0.28160113086240557	.	-1	-1	.	.	.	0
IX	392087	392487	0.06358903677626632	0.8459250937365334	IX	389575	393675	-	CDS	YIR019C	400
IX	415668	416068	0.16171462695034328	0.5178246672888731	.	-1	-1	.	.	.	0
IX	424559	424959	0.23176362122715513	0.5739175505995149	.	-1	-1	.	.	.	0
IX	439492	439892	-1.1685796995683915	1.2946895325453395e-6	.	-1	-1	.	.	.	0
V	257	657	-0.16620301016970968	0.7076765105704407	V	267	4097	-	CDS	YEL077C	390
V	257	657	-0.16620301016970968	0.7076765105704407	V	630	1109	+	CDS	YEL077W-A	27
V	6084	6484	-0.2411145607980683	0.38856979087495136	V	6126	6461	+	CDS	YEL074W	335
V	15990	16390	-0.4873486592744189	0.16029914893342645	V	16355	17842	+	CDS	YEL071W	35
V	18794	19194	-0.2013317340573157	0.36134149237106616	.	-1	-1	.	.	.	0
V	33646	34046	-0.07037920978790749	0.7984871543705183	.	-1	-1	.	.	.	0
V	42042	42442	-1.123153989819539	8.497059883034688e-6	V	42403	42624	-	CDS	YEL059C-A	39
V	53287	53687	-0.18501549489546298	0.4614120226630045	.	-1	-1	.	.	.	0
V	69014	69414	-0.3474740756043673	0.19180077157270253	V	68843	69265	-	CDS	YEL045C	251
V	80098	80498	-0.050870198813764	0.8598346638444665	V	80462	81142	+	CDS	YEL038W	36
V	85011	85411	-0.6651396642180303	0.00798346797180941	V	85048	85545	-	CDS	YEL035C	363
V	100018	100418	-0.1012032527578221	0.7515876456138633	.	-1	-1	.	.	.	0
V	117783	118183	-0.9498634588063719	4.9276123382925933e-5	.	-1	-1	.	.	.	0
V	123158	123558	-0.6776236629110017	0.0038706287258951423	.	-1	-1	.	.	.	0
V	131166	131566	-0.2655743233316393	0.38751076642988	.	-1	-1	.	.	.	0
V	132659	133059	-0.38149553923964974	0.2093278968072731	.	-1	-1	.	.	.	0
V	135253	135653	0.07129813621997123	0.8345436713881039	.	-1	-1	.	.	.	0
V	138478	138878	0.06446848415950265	0.850289931199372	.	-1	-1	.	.	.	0
V	140513	140913	-0.8177245537262908	5.168852342690606e-4	V	140512	140889	+	CDS	YEL008W	376
V	140513	140913	-0.8177245537262908	5.168852342690606e-4	V	140729	140818	-	CDS	YEL008C-A	89
V	152918	153318	-0.6268909563418118	0.008592322383060234	.	-1	-1	.	.	.	0
V	174607	175007	-0.2433720101334256	0.38856979087495136	.	-1	-1	.	.	.	0
V	191913	192313	-0.6100046647397593	0.009969403593164186	V	191962	192624	-	CDS	YER018C	351
V	194682	195082	-0.834305749702097	1.457407518269774e-4	.	-1	-1	.	.	.	0
V	211972	212372	-0.5802536097105035	0.002161246979725219	.	-1	-1	.	.	.	0
V	222207	222607	-0.723686223946663	8.029312648747842e-4	V	221846	222400	+	CDS	YER034W	193
V	225379	225779	-0.2682589805817168	0.38346377356667466	.	-1	-1	.	.	.	0
V	242090	242490	-0.5805298196192951	0.02058319449220808	.	-1	-1	.	.	.	0
V	250144	250544	0.00889432937389328	0.9799001811617001	.	-1	-1	.	.	.	0
V	260045	260445	-0.12537966149465324	0.6497193782029484	.	-1	-1	.	.	.	0
V	261428	261828	-0.5069722647227314	0.0484044092028682	.	-1	-1	.	.	.	0
V	264277	264677	-0.253059860996821	0.440033011601293	.	-1	-1	.	.	.	0
V	268355	268755	-0.5424877001906102	0.04169910118573076	.	-1	-1	.	.	.	0
V	270208	270608	-0.3133146466767801	0.18524516337810448	.	-1	-1	.	.	.	0
V	280846	281246	-0.3785846106966094	0.12863017829647996	.	-1	-1	.	.	.	0
V	284571	284971	-0.6283043968703977	0.0047364817241223505	.	-1	-1	.	.	.	0
V	287073	287473	-0.2379018346764068	0.40113148752839417	.	-1	-1	.	.	.	0
V	294960	295360	-0.45890725805564225	0.0412549853973163	V	295304	295732	-	CDS	YER068C-A	56
V	303425	303825	-0.16743166240838248	0.5164222470156404	.	-1	-1	.	.	.	0
V	305886	306286	-0.23897207353387884	0.3435748837624677	.	-1	-1	.	.	.	0
V	311848	312248	-0.17671475490459382	0.5257349106705789	.	-1	-1	.	.	.	0
V	335408	335808	-0.9579303517524388	5.166901865850345e-5	V	335699	336019	-	CDS	YER088C-A	109
V	342444	342844	-0.33409554327043434	0.14071356455424527	V	342393	342611	-	CDS	YER091C-A	167
V	349513	349913	-0.2237997550490046	0.3096280871978537	.	-1	-1	.	.	.	0
V	354819	355219	-0.5099652414924739	0.017529626561541868	V	355140	355466	+	CDS	YER097W	79
V	362290	362690	-0.30775835537099044	0.19621346301935394	.	-1	-1	.	.	.	0
V	386802	387202	0.3678574626449511	0.1288335854722028	.	-1	-1	.	.	.	0
V	396303	396703	-0.22126361817994725	0.38751076642988	.	-1	-1	.	.	.	0
V	422481	422881	-0.5617798848185901	0.00674577738084099	.	-1	-1	.	.	.	0
V	431110	431510	-0.13307856483245234	0.6499839415433414	.	-1	-1	.	.	.	0
V	434402	434802	0.19988160789069387	0.4848731900166415	.	-1	-1	.	.	.	0
V	435541	435941	-0.2892110824088535	0.2350177397786443	.	-1	-1	.	.	.	0
V	441996	442396	-0.8950794019709583	5.63131753020658e-5	.	-1	-1	.	.	.	0
V	460023	460423	-0.6317917838945352	0.02042052181140457	V	457809	460223	-	CDS	YER144C	200
V	461842	462242	-0.6459632774754269	0.0019219121922886687	.	-1	-1	.	.	.	0
V	467842	468242	-0.6759694850281366	0.00549952256027424	.	-1	-1	.	.	.	0
V	491032	491432	-0.6421089485022358	0.004900402742536475	.	-1	-1	.	.	.	0
V	517495	517895	0.8459903630618798	5.189824040300543e-4	.	-1	-1	.	.	.	0
V	522708	523108	0.08406391421806308	0.7717942693251504	.	-1	-1	.	.	.	0
V	545108	545508	-0.03514842668276153	0.9264825339288576	.	-1	-1	.	.	.	0
V	551121	551521	0.12688817218032392	0.6311813706883082	V	550868	551122	-	CDS	YER180C-A	1
V	551121	551521	0.12688817218032392	0.6311813706883082	V	551476	551796	-	CDS	YER181C	45
V	558911	559311	-0.5436164259395342	0.02952066404928863	.	-1	-1	.	.	.	0
V	570069	570469	-1.011118789503905	8.715974727678163e-5	.	-1	-1	.	.	.	0
VI	4826	5226	-1.0362015547091463	9.789645215684446e-6	VI	5066	5518	+	CDS	YFL063W	160
VI	54989	55389	0.04216198924721286	0.9036231756216859	VI	55369	55986	-	CDS	YFL038C	20
VI	74700	75100	-0.28061698449431527	0.26805115025165444	VI	74872	75189	+	CDS	YFL032W	228
VI	90571	90971	-0.3857438412865297	0.0805624231743293	.	-1	-1	.	.	.	0
VI	95584	95984	-1.239877252477176	7.00960487403874e-8	VI	95764	96615	-	CDS	YFL021C-A	220
VI	95584	95984	-1.239877252477176	7.00960487403874e-8	VI	95966	97495	+	CDS	YFL021W	18
VI	106512	106912	-0.4863962989145204	0.08204115125435393	VI	106415	106729	+	CDS	YFL015W-A	217
VI	106512	106912	-0.4863962989145204	0.08204115125435393	VI	106472	106963	-	CDS	YFL015C	400
VI	114484	114884	-1.5493717106910945	1.3639041249813598e-8	.	-1	-1	.	.	.	0
VI	176602	177002	-0.3987812479604579	0.07696782625590293	.	-1	-1	.	.	.	0
VI	182961	183361	-0.753417034446169	9.560424132293786e-4	VI	183134	184222	-	CDS	YFR018C	227
VI	191403	191803	0.15336194886674828	0.5776041577094686	.	-1	-1	.	.	.	0
VI	221586	221986	-0.45519193097403027	0.03508257230053	.	-1	-1	.	.	.	0
VI	224894	225294	-0.9130072042234845	6.919039991146818e-5	VI	225023	225958	-	CDS	YFR034C	271
VI	255393	255793	-0.7729967783880806	9.560424132293786e-4	.	-1	-1	.	.	.	0
VI	269830	270230	-0.8087960760352358	0.0015035236383086	.	-1	-1	.	.	.	0
VII	1	323	-1.252236309324695	1.6140250687793982e-7	.	-1	-1	.	.	.	0
VII	20274	20674	-0.6383849179165649	0.07181217598694371	.	-1	-1	.	.	.	0
VII	23234	23634	-0.25686718389770596	0.3746424322569062	.	-1	-1	.	.	.	0
VII	67188	67588	0.029460719300543937	0.92500579869497	.	-1	-1	.	.	.	0
VII	84238	84638	0.23919243929733064	0.30187962775466254	VII	82881	84257	-	CDS	YGL219C	19
VII	84238	84638	0.23919243929733064	0.30187962775466254	VII	83650	84297	+	CDS	YGL218W	59
VII	107615	108015	-0.05889734704258073	0.8520209329179157	.	-1	-1	.	.	.	0
VII	110459	110859	-0.1877388213090549	0.4526286910118443	.	-1	-1	.	.	.	0
VII	115428	115828	0.24866247611774073	0.269552581433268	.	-1	-1	.	.	.	0
VII	122055	122455	-0.3587353475909671	0.08986163634264543	.	-1	-1	.	.	.	0
VII	149025	149425	-0.17981806823107585	0.4942943959401878	VII	149346	149516	-	CDS	YGL188C	79
VII	156140	156540	-0.5149618303623573	0.034284821122791916	.	-1	-1	.	.	.	0
VII	159076	159476	-0.6394110313855591	0.009377604706325763	VII	157906	159093	+	CDS	YGL181W	17
VII	165835	166235	-0.5188249727281601	0.04482914288834941	.	-1	-1	.	.	.	0
VII	185575	185975	0.28840360789849884	0.2259143239826628	.	-1	-1	.	.	.	0
VII	190768	191168	-0.827889846669482	6.589171426455863e-4	VII	191129	191803	+	CDS	YGL166W	39
VII	197139	197539	-0.6662573506474785	0.0028953838360012253	.	-1	-1	.	.	.	0
VII	205980	206380	0.4680221319538738	0.19005950666383412	.	-1	-1	.	.	.	0
VII	229744	230144	-0.47567136133849053	0.01795736704444531	.	-1	-1	.	.	.	0
VII	271772	272172	-1.0126106075355552	2.2895813614936407e-6	VII	270997	272136	+	CDS	YGL126W	364
VII	277061	277461	0.04496367981402623	0.9036231756216859	.	-1	-1	.	.	.	0
VII	310557	310957	0.34859194187049464	0.13944306166237488	.	-1	-1	.	.	.	0
VII	319607	320007	-0.20970965198929292	0.4261563074797353	.	-1	-1	.	.	.	0
VII	323935	324335	-0.4114601030236986	0.1514302002870061	.	-1	-1	.	.	.	0
VII	328405	328805	-0.13791895020858044	0.5967135733144254	.	-1	-1	.	.	.	0
VII	384054	384454	-0.8167138713985034	0.0019219121922886687	VII	383654	384763	+	CDS	YGL063W	400
VII	397902	398302	-0.8717964679340446	2.0759005462449547e-4	.	-1	-1	.	.	.	0
VII	401305	401705	-0.4124427013210123	0.1042615277624608	.	-1	-1	.	.	.	0
VII	405358	405758	-0.07041315254313273	0.8209057509110564	.	-1	-1	.	.	.	0
VII	413166	413566	-1.0776768532483687	1.7732087694886985e-5	.	-1	-1	.	.	.	0
VII	423032	423432	-0.1597255012885598	0.6274801328175281	.	-1	-1	.	.	.	0
VII	428053	428453	-0.5807148224167598	0.032168996556419194	.	-1	-1	.	.	.	0
VII	433218	433618	-0.6423029461179036	0.0047364817241223505	VII	433217	433579	-	CDS	YGL034C	361
VII	438456	438856	-0.43341394943970407	0.04961344137453988	.	-1	-1	.	.	.	0
VII	472387	472787	-0.31279480491237877	0.1485228527440407	.	-1	-1	.	.	.	0
VII	483677	484077	-0.6667003956257004	0.007645645808146297	.	-1	-1	.	.	.	0
VII	516259	516659	-0.068300233458513	0.8209057509110564	VII	514554	516413	+	CDS	YGR013W	154
VII	528540	528940	-0.32235196201940297	0.2259143239826628	.	-1	-1	.	.	.	0
VII	534789	535189	0.27798197520634094	0.23626151423320868	.	-1	-1	.	.	.	0
VII	535717	536117	0.013399860765539166	0.9799001811617001	.	-1	-1	.	.	.	0
VII	544353	544753	-0.3789558516629693	0.13917865483202502	.	-1	-1	.	.	.	0
VII	547312	547712	-0.9589720877742074	5.63131753020658e-5	VII	546441	547466	+	CDS	YGR031W	154
VII	555352	555752	-0.10344067224690828	0.7509927921234483	.	-1	-1	.	.	.	0
VII	581588	581988	-0.3938188274521031	0.11577662379352564	.	-1	-1	.	.	.	0
VII	592673	593073	-0.9968581030022243	3.210671374751146e-5	VII	592909	593229	-	CDS	YGR051C	164
VII	598788	599188	-0.6062797204483936	0.010211743267263824	.	-1	-1	.	.	.	0
VII	609805	610205	-0.9300763443666515	7.089062644273605e-6	.	-1	-1	.	.	.	0
VII	625242	625642	-0.7328383951022075	0.0015751768277150763	VII	625327	627084	-	CDS	YGR068C	315
VII	650733	651133	-0.44165063416190004	0.05626402286828933	.	-1	-1	.	.	.	0
VII	653998	654398	-0.11833396298468563	0.80277595569843	.	-1	-1	.	.	.	0
VII	661672	662072	-0.4503543181641031	0.06451807368123118	.	-1	-1	.	.	.	0
VII	677666	678066	0.4417864984897506	0.04659213953642345	.	-1	-1	.	.	.	0
VII	700577	700977	-0.5675737709718581	0.011328594293116135	.	-1	-1	.	.	.	0
VII	726529	726929	-0.24251396495700706	0.37233986426654736	.	-1	-1	.	.	.	0
VII	733129	733529	-0.8845927847103141	2.3300019672481802e-4	VII	733412	733624	+	CDS	YGR121W-A	117
VII	739013	739413	-0.3305988344330143	0.12160033378227868	.	-1	-1	.	.	.	0
VII	753878	754278	0.0675159340125322	0.8209057509110564	.	-1	-1	.	.	.	0
VII	756533	756933	0.33788545173179496	0.17464637795789084	VII	756896	757444	+	CDS	YGR133W	37
VII	766138	766538	-0.8630013755955573	1.0871887443872482e-4	.	-1	-1	.	.	.	0
VII	771878	772278	-1.1661135244345953	2.1491589540580824e-5	VII	770569	771969	+	CDS	YGR141W	91
VII	774247	774647	-0.42227309374873456	0.10756230767937136	.	-1	-1	.	.	.	0
VII	779609	780009	-0.12292312429010702	0.7448019593942753	.	-1	-1	.	.	.	0
VII	785651	786051	-1.0872355437834824	6.949697810693133e-5	.	-1	-1	.	.	.	0
VII	788232	788632	-0.5935436239244486	0.005570379295352124	.	-1	-1	.	.	.	0
VII	809718	810118	-0.9130855561478071	7.513573364667571e-5	.	-1	-1	.	.	.	0
VII	823402	823802	0.2266582691156826	0.40221262039611894	.	-1	-1	.	.	.	0
VII	856708	857108	-0.7330593566736845	0.0014760542439961146	.	-1	-1	.	.	.	0
VII	876240	876640	0.2116258949257074	0.4645611440881954	.	-1	-1	.	.	.	0
VII	878432	878832	-0.22807134793782594	0.4517493649960563	.	-1	-1	.	.	.	0
VII	884091	884491	0.002083885644394123	0.9935940783671747	.	-1	-1	.	.	.	0
VII	905363	905763	-0.8976176678112405	2.4045634718105282e-5	VII	905237	905680	+	CDS	YGR203W	317
VII	914792	915192	-0.38011235331249904	0.1637601184320708	.	-1	-1	.	.	.	0
VII	920046	920446	-0.39994815301959796	0.06694407587690318	.	-1	-1	.	.	.	0
VII	951272	951672	-0.6947253455083663	7.926306495780131e-4	.	-1	-1	.	.	.	0
VII	962894	963294	-0.2077334414600745	0.6178650340513159	.	-1	-1	.	.	.	0
VII	974421	974821	-0.26615722537883113	0.3376654869471229	VII	974580	974777	-	CDS	YGR240C-A	197
VII	976876	977276	-0.4565799213778796	0.08510925680242208	.	-1	-1	.	.	.	0
VII	987250	987650	-0.8790117893440508	1.2126963257335803e-4	.	-1	-1	.	.	.	0
VII	989894	990294	0.2582788664880155	0.3831750072051511	.	-1	-1	.	.	.	0
VII	993864	994264	-1.0314621665686525	3.6099877709265232e-6	.	-1	-1	.	.	.	0
VII	1000198	1000598	-0.7437743027407393	4.642217886170735e-4	.	-1	-1	.	.	.	0
VII	1004066	1004466	-0.007962238353410865	0.984965440244397	.	-1	-1	.	.	.	0
VII	1011180	1011580	0.062038069107621385	0.8247142057439335	.	-1	-1	.	.	.	0
VII	1026491	1026891	0.07036866357117069	0.8141156396304181	VII	1026060	1026653	-	CDS	YGR268C	162
VII	1026491	1026891	0.07036866357117069	0.8141156396304181	VII	1026636	1026959	+	CDS	YGR269W	255
VII	1050222	1050622	-0.06626046014826702	0.8034606512228387	.	-1	-1	.	.	.	0
VII	1072624	1073024	0.4897317363001861	0.041503220782073275	.	-1	-1	.	.	.	0
VII	1084045	1084445	-1.072128696837079	2.209348295653704e-6	.	-1	-1	.	.	.	0
VIII	1	251	-0.2718541184328881	0.3856722089807477	.	-1	-1	.	.	.	0
VIII	4897	5297	-1.1107258375056044	5.194493797166085e-6	.	-1	-1	.	.	.	0
VIII	17814	18214	-0.17026561974927537	0.5840805534064735	VIII	17392	17838	+	CDS	YHL041W	24
VIII	48231	48631	-0.5944920220050116	0.005713572014767718	.	-1	-1	.	.	.	0
VIII	50594	50994	-0.07332481222670534	0.8227309432980314	.	-1	-1	.	.	.	0
VIII	55887	56287	-0.6448108644653539	0.013015501862311199	.	-1	-1	.	.	.	0
VIII	62546	62946	0.06791047148941418	0.8300638417613371	VIII	59126	62563	-	CDS	YHL023C	17
VIII	98322	98722	-0.4650546421750155	0.024385481071882275	VIII	98346	98795	-	CDS	YHL006C	376
VIII	115886	116286	-6.27573458569297e1	0.9975646199408414	VIII	115623	115901	-	CDS	YHR005C-A	15
VIII	122184	122584	-0.7054382277605654	0.0028085843489624902	VIII	122553	122765	-	CDS	YHR007C-A	31
VIII	126029	126429	-0.5219201484790903	0.03456414987223693	.	-1	-1	.	.	.	0
VIII	132914	133314	0.2034997765424751	0.5257795623315813	VIII	132047	132919	+	CDS	YHR014W	5
VIII	146097	146497	0.100305490869016	0.7343083065357393	.	-1	-1	.	.	.	0
VIII	148744	149144	-0.25366443747407585	0.3120591475989791	.	-1	-1	.	.	.	0
VIII	151004	151404	-0.014339017357423475	0.9720940319631152	VIII	151220	151306	-	CDS	YHR022C-A	86
VIII	175012	175412	-0.5571529580664342	0.01437264203980573	VIII	173344	175086	+	CDS	YHR032W	74
VIII	175012	175412	-0.5571529580664342	0.01437264203980573	VIII	175195	175371	+	CDS	YHR032W-A	176
VIII	175012	175412	-0.5571529580664342	0.01437264203980573	VIII	175278	175394	-	CDS	YHR032C-A	116
VIII	214074	214474	0.03153496492392015	0.9479477541933656	VIII	213188	214249	-	CDS	YHR054C	175
VIII	236047	236447	-0.8727006576196307	2.300672625930535e-5	VIII	234881	236377	+	CDS	YHR070W	330
VIII	236047	236447	-0.8727006576196307	2.300672625930535e-5	VIII	236105	236512	-	CDS	YHR070C-A	342
VIII	266955	267355	0.013627287727506966	0.9617503191249234	.	-1	-1	.	.	.	0
VIII	280142	280542	0.04009071533943994	0.9229621740751525	VIII	280231	280389	+	CDS	YHR086W-A	158
VIII	293315	293715	-0.37263852158685495	0.13700313123569619	VIII	292943	293434	+	CDS	YHR095W	119
VIII	296744	297144	-0.6141585266303977	0.024909509942569037	.	-1	-1	.	.	.	0
VIII	315994	316394	0.6623103746133931	0.006168678061608259	.	-1	-1	.	.	.	0
VIII	341543	341943	-0.3545930649720307	0.2350177397786443	VIII	341665	342117	+	CDS	YHR116W	278
VIII	375197	375597	-0.3265789874459098	0.16139493376482528	.	-1	-1	.	.	.	0
VIII	379558	379958	-0.8655434496348997	0.0016253990329643127	.	-1	-1	.	.	.	0
VIII	382776	383176	-0.295726103894718	0.14119626843882147	.	-1	-1	.	.	.	0
VIII	388705	389105	-0.2206580549732188	0.3571381172433948	VIII	387791	388726	-	CDS	YHR144C	21
VIII	388705	389105	-0.2206580549732188	0.3571381172433948	VIII	388984	389337	-	CDS	YHR145C	121
VIII	422465	422865	-0.5704068898078494	0.004990087661642535	.	-1	-1	.	.	.	0
VIII	450666	451066	0.03025312789391268	0.9264825339288576	VIII	448335	450803	+	CDS	YHR172W	137
VIII	450666	451066	0.03025312789391268	0.9264825339288576	VIII	450818	451153	-	CDS	YHR173C	248
VIII	455619	456019	0.025406008162830708	0.9479477541933656	.	-1	-1	.	.	.	0
VIII	466842	467242	0.28156124621081025	0.25741613128194496	VIII	466932	467111	+	CDS	YHR180W-A	179
VIII	466842	467242	0.28156124621081025	0.25741613128194496	VIII	466961	467062	-	CDS	YHR180C-B	101
VIII	466842	467242	0.28156124621081025	0.25741613128194496	VIII	467228	467911	+	CDS	YHR181W	14
VIII	505676	506076	0.09172470369569691	0.7630737149506133	.	-1	-1	.	.	.	0
VIII	512074	512474	-0.3144560898251404	0.16362930174722587	.	-1	-1	.	.	.	0
VIII	540714	541114	0.3109014231804281	0.42629994773762125	VIII	540800	541096	+	CDS	YHR213W-B	296
VIII	540714	541114	0.3109014231804281	0.42629994773762125	VIII	540549	540779	+	CDS	YHR213W-A	65
VIII	556339	556739	-1.1078949463211247	5.194493797166085e-6	VIII	556584	557042	-	CDS	YHR217C	155
VIII	562265	562665	-0.22315358230960264	0.5654841070089085	.	-1	-1	.	.	.	0
X	1	238	-0.19470320720922651	0.6131660992007356	.	-1	-1	.	.	.	0
X	8182	8582	-0.1471388048013152	0.7428978076956434	.	-1	-1	.	.	.	0
X	26332	26732	-0.12712237429763576	0.6222545362140245	X	26415	26771	-	CDS	YJL215C	317
X	60156	60556	0.44510295090285235	0.030892545755493855	X	59859	60182	-	CDS	YJL199C	26
X	75455	75855	-0.3249807372176866	0.17777257987017828	.	-1	-1	.	.	.	0
X	90181	90581	-0.24604751872563724	0.3062020738448345	.	-1	-1	.	.	.	0
X	97359	97759	-0.755199329808431	2.5590442740333944e-4	X	97737	99464	+	CDS	YJL172W	22
X	115724	116124	-0.08294812605687982	0.7651938701817864	.	-1	-1	.	.	.	0
X	119772	120172	-0.4190676755043604	0.127000628542315	.	-1	-1	.	.	.	0
X	123082	123482	-0.47291371155584766	0.022743849849393687	.	-1	-1	.	.	.	0
X	136236	136636	-0.7071737053213976	0.0010145586537296557	X	136174	136530	+	CDS	YJL152W	294
X	136236	136636	-0.7071737053213976	0.0010145586537296557	X	136375	136773	-	CDS	YJL151C	261
X	150486	150886	-0.24137406986031665	0.2925993654449789	.	-1	-1	.	.	.	0
X	157308	157708	-0.3278729026682986	0.1959167031768243	.	-1	-1	.	.	.	0
X	159901	160301	-0.45939701074728306	0.094216582894258	.	-1	-1	.	.	.	0
X	173158	173558	-0.1776180847176062	0.6182702294849476	.	-1	-1	.	.	.	0
X	181470	181870	0.6965887448189606	0.015427469765822977	X	181554	181709	-	CDS	YJL127C-B	155
X	195404	195804	-0.7222926675201249	0.006190985602452659	.	-1	-1	.	.	.	0
X	204792	205192	0.12107553523589151	0.7343083065357393	.	-1	-1	.	.	.	0
X	220233	220633	-0.5211034501810714	0.007004794452112412	.	-1	-1	.	.	.	0
X	223877	224277	0.00881500378100502	0.978373954710989	.	-1	-1	.	.	.	0
X	236503	236903	-0.09677495821736246	0.7367056149347107	.	-1	-1	.	.	.	0
X	265323	265723	0.030965050412547157	0.9264825339288576	.	-1	-1	.	.	.	0
X	268455	268855	-0.21969685727634358	0.3881148575475066	X	268799	269812	+	CDS	YJL088W	56
X	291116	291516	-0.6107535039586962	0.007645645808146297	X	291339	293981	-	CDS	YJL078C	177
X	294374	294774	-0.31194071003682916	0.1417246094786373	X	294669	295061	-	CDS	YJL077C	105
X	337580	337980	-0.4763147349093433	0.04422642270958937	X	337887	338003	-	CDS	YJL052C-A	93
X	348718	349118	-0.5337932336614981	0.044584035896204646	X	349047	349178	-	CDS	YJL047C-A	71
X	355491	355891	-0.15514000609351805	0.5949479878356895	.	-1	-1	.	.	.	0
X	360681	361081	-0.6961050121789405	6.045596004750276e-4	X	360130	360900	+	CDS	YJL043W	219
X	374310	374710	-0.1722758553528887	0.49795847125278647	.	-1	-1	.	.	.	0
X	378339	378739	0.09278814083668442	0.7367056149347107	.	-1	-1	.	.	.	0
X	391842	392242	-0.7576542517396953	0.00143112785868738	X	391836	392249	-	CDS	YJL027C	400
X	402412	402812	0.08649105427730404	0.7343083065357393	.	-1	-1	.	.	.	0
X	404825	405225	-0.05045389287365909	0.9231041182470515	X	402897	404942	+	CDS	YJL019W	117
X	415714	416114	-0.031154252538246663	0.933951526037602	.	-1	-1	.	.	.	0
X	424187	424587	-0.48640346682115976	0.029154125322840046	.	-1	-1	.	.	.	0
X	455043	455443	-0.11268347237096232	0.710708131653969	.	-1	-1	.	.	.	0
X	478116	478516	-0.06678842040693614	0.6481902740091513	.	-1	-1	.	.	.	0
X	521641	522041	-0.9092865758397648	1.0072594721659536e-5	.	-1	-1	.	.	.	0
X	525808	526208	-0.547687136039694	0.015634357493977662	.	-1	-1	.	.	.	0
X	545291	545691	-0.7225006643357085	9.592123144939411e-4	.	-1	-1	.	.	.	0
X	578813	579213	-0.20905424840961945	0.4479516819503231	X	578860	580218	+	CDS	YJR078W	353
X	585356	585756	0.4803904416295695	0.07994491901657268	X	585123	585437	-	CDS	YJR085C	81
X	606721	607121	-0.8395441600756104	0.0013178278171517206	.	-1	-1	.	.	.	0
X	617814	618214	0.12327694342540557	0.6961042061316511	.	-1	-1	.	.	.	0
X	623043	623443	0.1983587245912458	0.47181776720754093	.	-1	-1	.	.	.	0
X	633093	633493	-0.2214354152210954	0.3847406463331266	.	-1	-1	.	.	.	0
X	639376	639776	-0.8167209438347967	4.937339234060245e-4	.	-1	-1	.	.	.	0
X	646858	647258	-0.6230837521393702	0.002212492225217093	X	647126	647473	+	CDS	YJR120W	132
X	651394	651794	-0.5707303642393133	0.015164517098378086	.	-1	-1	.	.	.	0
X	662951	663351	-0.7871924468079944	7.080116741228517e-5	X	658920	663059	-	CDS	YJR127C	108
X	662951	663351	-0.7871924468079944	7.080116741228517e-5	X	662921	663277	+	CDS	YJR128W	326
X	703107	703507	-0.3197432951314153	0.16538536189069022	.	-1	-1	.	.	.	0
X	745319	745719	-1.3162722236368358	8.49817508369166e-8	.	-1	-1	.	.	.	0
XI	1	392	-1.1220376205479765	8.41425628070705e-7	.	-1	-1	.	.	.	0
XI	20821	21221	-1.0900843718153927	1.875082598253511e-5	.	-1	-1	.	.	.	0
XI	68729	69129	-0.941395080137058	1.2763558378744148e-4	XI	68235	70220	-	CDS	YKL198C	400
XI	92325	92725	-0.8513352770504314	5.063465154898245e-4	.	-1	-1	.	.	.	0
XI	99553	99953	-1.016181090140274	7.510279346487264e-6	XI	98721	99638	+	CDS	YKL183W	85
XI	108815	109215	-0.06297166207609986	0.8459250937365334	.	-1	-1	.	.	.	0
XI	127035	127435	-0.08257333032378691	0.7866648662708258	XI	125759	127039	+	CDS	YKL172W	4
XI	143093	143493	0.11116817554552572	0.7498019285957235	.	-1	-1	.	.	.	0
XI	146820	147220	-0.006932320101627823	0.9830504066271337	.	-1	-1	.	.	.	0
XI	165957	166357	0.14891383277877118	0.7367056149347107	.	-1	-1	.	.	.	0
XI	171296	171696	-0.7135682743189267	1.4596817806937908e-4	XI	171554	172168	-	CDS	YKL147C	142
XI	202813	203213	0.14513132226170952	0.593231056593724	.	-1	-1	.	.	.	0
XI	216759	217159	-0.18046324574884334	0.48377217321303345	.	-1	-1	.	.	.	0
XI	219770	220170	0.013344153911736592	0.9712048588097654	.	-1	-1	.	.	.	0
XI	226079	226479	-0.1002903845547854	0.7343083065357393	.	-1	-1	.	.	.	0
XI	231236	231636	-0.8631913712696465	3.3205037495427777e-4	.	-1	-1	.	.	.	0
XI	247760	248160	-0.27225930291896494	0.19621346301935394	XI	248065	248367	-	CDS	YKL102C	95
XI	258602	259002	-0.7489799027581805	1.9751545691460874e-4	XI	258506	258913	-	CDS	YKL097C	311
XI	260533	260933	-0.7234078174226571	7.500263887675847e-4	.	-1	-1	.	.	.	0
XI	278344	278744	-0.5171703978433507	0.010241520789549475	XI	278281	278661	+	CDS	YKL086W	317
XI	308616	309016	-0.4064027159019105	0.11636572402065745	.	-1	-1	.	.	.	0
XI	313278	313678	-0.09746068938311608	0.7258777013132214	.	-1	-1	.	.	.	0
XI	317050	317450	-0.2836178377437337	0.23145793928246108	XI	316440	317057	-	CDS	YKL065C	7
XI	322412	322812	-0.7976430044275408	8.293222062393245e-4	.	-1	-1	.	.	.	0
XI	327714	328114	-0.3773313147884956	0.1779543722131044	.	-1	-1	.	.	.	0
XI	340574	340974	0.21060103153503548	0.3366008833820473	.	-1	-1	.	.	.	0
XI	355615	356015	-0.7724993311165023	0.001839141476390292	.	-1	-1	.	.	.	0
XI	362070	362470	0.442537913401973	0.054367507177019936	.	-1	-1	.	.	.	0
XI	369254	369654	-0.35546074633029956	0.17116408611649317	XI	369365	369718	+	CDS	YKL037W	289
XI	369254	369654	-0.35546074633029956	0.17116408611649317	XI	369531	369920	-	CDS	YKL036C	123
XI	379500	379900	-0.1782043591796807	0.5231448273208991	.	-1	-1	.	.	.	0
XI	382357	382757	-0.6663225942914732	0.009335570092983853	XI	382072	382482	+	CDS	YKL031W	125
XI	382357	382757	-0.6663225942914732	0.009335570092983853	XI	382498	383100	+	CDS	YKL030W	259
XI	382357	382757	-0.6663225942914732	0.009335570092983853	XI	382719	384725	-	CDS	YKL029C	38
XI	393411	393811	-0.23879378466035067	0.2921774418133993	XI	393721	394551	+	CDS	YKL023W	90
XI	408074	408474	0.14868163852096442	0.6505202060204456	.	-1	-1	.	.	.	0
XI	428907	429307	-0.0295962297190925	0.9316392510922602	XI	429302	430105	+	CDS	YKL007W	5
XI	431455	431855	-0.39359007455152895	0.1228328130905457	.	-1	-1	.	.	.	0
XI	458372	458772	0.03176162015353224	0.9264825339288576	.	-1	-1	.	.	.	0
XI	463121	463521	0.09044265685978926	0.7451898785714299	.	-1	-1	.	.	.	0
XI	514396	514796	-0.630780274919925	0.014793905746771686	.	-1	-1	.	.	.	0
XI	518592	518992	-1.4137949631576272	1.921369715799962e-7	XI	518198	518947	+	CDS	YKR041W	355
XI	571048	571448	0.4646803405876341	0.06301381722989591	.	-1	-1	.	.	.	0
XI	578553	578953	-0.173758765011539	0.5358009812884565	.	-1	-1	.	.	.	0
XI	581023	581423	-0.3279723285428404	0.24114909834993065	.	-1	-1	.	.	.	0
XI	608387	608787	-0.029767938302291862	0.92500579869497	.	-1	-1	.	.	.	0
XI	614817	615217	-1.3440251314147103	1.8034400424874072e-8	.	-1	-1	.	.	.	0
XI	618762	619162	0.06693962903801473	0.8247142057439335	.	-1	-1	.	.	.	0
XI	630387	630787	-0.8433767313618481	3.621681351013537e-5	.	-1	-1	.	.	.	0
XI	666293	666693	-1.0309378390613277	1.7732087694886985e-5	.	-1	-1	.	.	.	0
XII	1	334	-0.588932298197878	0.0489333413288753	.	-1	-1	.	.	.	0
XII	5599	5999	-0.5183749860842037	0.0618084340832678	XII	5605	5772	+	CDS	YLL066W-B	167
XII	11253	11653	-0.9884060802869392	9.664846880383875e-6	.	-1	-1	.	.	.	0
XII	29412	29812	-0.3207102234597754	0.28555693392410625	.	-1	-1	.	.	.	0
XII	36689	37089	-0.06592542001221255	0.8912052291872669	.	-1	-1	.	.	.	0
XII	65302	65702	-0.5164406791042024	0.03868653392364896	.	-1	-1	.	.	.	0
XII	84073	84473	-0.5912137169618583	0.0047364817241223505	.	-1	-1	.	.	.	0
XII	92364	92764	-0.09933395951856132	0.7367056149347107	.	-1	-1	.	.	.	0
XII	108243	108643	-0.6475134372322005	0.0015700477816456987	.	-1	-1	.	.	.	0
XII	125007	125407	-0.32310761176212177	0.17002736583990752	.	-1	-1	.	.	.	0
XII	187257	187657	-0.6403910272914345	0.0014009897074452311	.	-1	-1	.	.	.	0
XII	198027	198427	0.016413291752592367	0.9583864429857971	XII	196832	198085	-	CDS	YLR027C	58
XII	234544	234944	0.11340869984063803	0.8046650827012344	.	-1	-1	.	.	.	0
XII	241773	242173	-0.10539433170555429	0.7301441396572644	.	-1	-1	.	.	.	0
XII	253249	253649	-0.607401332014222	0.0025167761133091087	.	-1	-1	.	.	.	0
XII	289629	290029	0.09360555129761433	0.7451898785714299	.	-1	-1	.	.	.	0
XII	322989	323389	0.6246965518378934	0.008779012928919598	XII	322297	323175	+	CDS	YLR091W	186
XII	329310	329710	-0.10328888545388117	0.7178696093969984	XII	329680	332115	-	CDS	YLR095C	30
XII	368182	368582	0.010739782445255334	0.9751857977901743	.	-1	-1	.	.	.	0
XII	370579	370979	-0.666754598208217	0.004878457112735406	XII	370391	370720	+	CDS	YLR111W	141
XII	370579	370979	-0.666754598208217	0.004878457112735406	XII	370791	371207	+	CDS	YLR112W	188
XII	388451	388851	-0.37928252367491255	0.14461951146508212	XII	388672	388770	+	CDS	YLR120W-A	98
XII	388451	388851	-0.37928252367491255	0.14461951146508212	XII	388747	390270	-	CDS	YLR121C	104
XII	390511	390911	0.3519733519733868	0.25784264600260953	.	-1	-1	.	.	.	0
XII	416846	417246	-0.5306754467886883	0.04962989990456602	XII	417006	418106	+	CDS	YLR137W	240
XII	424027	424427	-0.8476997485935276	1.2763558378744148e-4	XII	423683	424771	+	CDS	YLR141W	400
XII	439850	440250	-0.04049622740845633	0.9156439779447488	.	-1	-1	.	.	.	0
XII	444949	445349	-0.43855027682207043	0.2182386272944872	.	-1	-1	.	.	.	0
XII	448577	448977	-0.027745059421889755	0.9479477541933656	.	-1	-1	.	.	.	0
XII	459971	460371	0.26818007592396786	0.4685381098929016	.	-1	-1	.	.	.	0
XII	489411	489811	-0.6838507549367371	0.00499835650812493	XII	489573	489926	+	CDS	YLR162W	238
XII	493325	493725	-0.3590812171007449	0.23894896895546214	.	-1	-1	.	.	.	0
XII	500336	500736	-0.4106967988541435	0.08793432669945507	XII	500335	500685	+	CDS	YLR169W	349
XII	500336	500736	-0.4106967988541435	0.08793432669945507	XII	500582	501049	-	CDS	YLR170C	154
XII	500336	500736	-0.4106967988541435	0.08793432669945507	XII	500733	501119	+	CDS	YLR171W	3
XII	504085	504485	-0.1499893465144838	0.6131660992007356	XII	502421	504244	+	CDS	YLR173W	159
XII	510507	510907	-0.5921882246284484	0.002611905721062955	.	-1	-1	.	.	.	0
XII	522213	522613	-0.2997406104603375	0.20160273131977446	XII	522106	522450	+	CDS	YLR184W	237
XII	588929	589329	0.24188060387246876	0.338978711170116	.	-1	-1	.	.	.	0
XII	605177	605577	0.04909943791592503	0.8912052291872669	.	-1	-1	.	.	.	0
XII	611740	612140	0.15972831855529007	0.6012358889988422	XII	609783	611750	+	CDS	YLR234W	10
XII	611740	612140	0.15972831855529007	0.6012358889988422	XII	611535	611930	-	CDS	YLR235C	190
XII	611740	612140	0.15972831855529007	0.6012358889988422	XII	611797	612117	-	CDS	YLR236C	320
XII	633285	633685	-0.753543056794584	0.0011417311939501047	XII	628687	633354	-	CDS	YLR247C	69
XII	636188	636588	-0.06363814889668963	0.8459250937365334	.	-1	-1	.	.	.	0
XII	645695	646095	-0.6309752245957216	0.004510692725470478	XII	645603	645953	-	CDS	YLR255C	258
XII	658214	658614	-0.9084529243504496	5.909872868203373e-6	.	-1	-1	.	.	.	0
XII	660113	660513	-0.7604605959259167	6.552238319323005e-5	.	-1	-1	.	.	.	0
XII	677706	678106	-1.552896506894572	1.5195390090156006e-11	XII	675622	677724	-	CDS	YLR266C	18
XII	704426	704826	-0.39126407869145324	0.09675549184972579	XII	704309	704695	+	CDS	YLR279W	269
XII	704426	704826	-0.39126407869145324	0.09675549184972579	XII	704486	704833	-	CDS	YLR280C	340
XII	704426	704826	-0.39126407869145324	0.09675549184972579	XII	704496	704960	-	CDS	YLR281C	330
XII	723334	723734	-0.37994326675593015	0.12504577224333105	.	-1	-1	.	.	.	0
XII	728223	728623	-0.6838976047778722	7.928257163650269e-4	.	-1	-1	.	.	.	0
XII	732010	732410	-0.15798917195182563	0.6318092399976735	XII	732194	732553	-	CDS	YLR302C	216
XII	734628	735028	0.027972223206460763	0.9445600918181787	.	-1	-1	.	.	.	0
XII	737682	738082	-0.40812968835382213	0.08606732272482517	.	-1	-1	.	.	.	0
XII	747423	747823	-0.43498411036108175	0.0774589077692375	.	-1	-1	.	.	.	0
XII	758980	759380	-0.5205830851830713	0.02016840080501842	.	-1	-1	.	.	.	0
XII	783572	783972	-1.2033697320187362	3.0802133606478193e-7	.	-1	-1	.	.	.	0
XII	789809	790209	0.05331463347774691	0.8810216088724327	.	-1	-1	.	.	.	0
XII	793720	794120	-0.0022135507173396763	0.9935940783671747	.	-1	-1	.	.	.	0
XII	796353	796753	-0.29463522815362897	0.2398656124261872	XII	796701	797078	-	CDS	YLR334C	52
XII	805070	805470	0.36957544147329036	0.12863017829647996	XII	804346	805200	+	CDS	YLR338W	130
XII	805070	805470	0.36957544147329036	0.12863017829647996	XII	802656	805106	-	CDS	YLR337C	36
XII	809069	809469	-0.4791913332661736	0.045228974106920776	.	-1	-1	.	.	.	0
XII	818735	819135	-0.08143535198509083	0.8141845926446097	.	-1	-1	.	.	.	0
XII	822808	823208	-0.20427316062577786	0.5358009812884565	.	-1	-1	.	.	.	0
XII	828078	828478	-0.585565330837812	0.011088293946295345	.	-1	-1	.	.	.	0
XII	839373	839773	-0.01834013164049001	0.9579468743321683	.	-1	-1	.	.	.	0
XII	875096	875496	-0.4741985234233898	0.06931523894973744	.	-1	-1	.	.	.	0
XII	877608	878008	0.0010830166499942537	0.9963686544643431	.	-1	-1	.	.	.	0
XII	921528	921928	-0.27036943477380726	0.3062020738448345	XII	919539	921596	-	CDS	YLR399C	68
XII	924522	924922	-0.3375957527271237	0.1725431589019558	XII	924889	925077	+	CDS	YLR402W	33
XII	931935	932335	-0.4664037159817362	0.03692896825703572	XII	932209	932355	-	CDS	YLR406C-A	126
XII	954372	954772	-0.9663874766763325	1.5577116951883694e-5	XII	954262	954597	-	CDS	YLR415C	225
XII	954372	954772	-0.9663874766763325	1.5577116951883694e-5	XII	954494	954889	-	CDS	YLR416C	278
XII	1012088	1012488	-0.5108515733968618	0.02122418523952785	XII	1012462	1012686	-	CDS	YLR437C-A	26
XII	1028394	1028794	-0.39275524292508424	0.13700313123569619	.	-1	-1	.	.	.	0
XII	1064715	1065115	-1.0773554987126253	8.627423979220078e-7	.	-1	-1	.	.	.	0
XII	1071442	1071842	-1.2743136202740333	2.7790363115518366e-6	XII	1071597	1071710	-	CDS	YLR466C-B	113
XII	1077638	1078038	-0.029245072993657802	0.8531359191460325	XII	1072508	1077895	+	CDS	YLR467W	257
XIII	1	242	-0.06481113333691549	0.8965427614292654	.	-1	-1	.	.	.	0
XIII	5377	5777	-0.779978421379911	0.009296054553818173	.	-1	-1	.	.	.	0
XIII	26060	26460	-0.5792579759413133	0.034482978849674675	XIII	26041	26418	-	CDS	YML122C	358
XIII	29834	30234	-0.1995333787572031	0.3881148575475066	.	-1	-1	.	.	.	0
XIII	67963	68363	0.16486497132789843	0.48179181955681366	XIII	68294	69697	+	CDS	YML102W	69
XIII	70075	70475	-0.7214193926341107	3.399191042804139e-4	XIII	69738	70088	-	CDS	YML101C	13
XIII	70075	70475	-0.7214193926341107	3.399191042804139e-4	XIII	70138	70308	+	CDS	YML100W-A	170
XIII	91654	92054	-0.28403290663300584	0.3037623721947748	.	-1	-1	.	.	.	0
XIII	124227	124627	-0.002556021638251268	0.9935940783671747	.	-1	-1	.	.	.	0
XIII	146006	146406	-0.10959763963672	0.7258777013132214	.	-1	-1	.	.	.	0
XIII	158946	159346	0.038015201812428026	0.9026864163242764	XIII	158760	158963	+	CDS	YML058W-A	17
XIII	167408	167808	0.055166284724762184	0.9126421994985833	XIII	167626	167781	-	CDS	YML054C-A	155
XIII	169877	170277	-0.38227894077880525	0.06694407587690318	.	-1	-1	.	.	.	0
XIII	192258	192658	-0.042768351697508186	0.9026864163242764	.	-1	-1	.	.	.	0
XIII	223886	224286	-0.25765481711438254	0.32976401283047696	.	-1	-1	.	.	.	0
XIII	225440	225840	-0.26743221742398454	0.2769804060119659	.	-1	-1	.	.	.	0
XIII	250298	250698	-0.5721539845714184	0.11636572402065745	XIII	247677	250865	+	CDS	YML010W	400
XIII	250298	250698	-0.5721539845714184	0.11636572402065745	XIII	250435	250908	+	CDS	YML009W-B	263
XIII	250298	250698	-0.5721539845714184	0.11636572402065745	XIII	250678	251001	-	CDS	YML009C-A	20
XIII	253320	253720	-0.3052902125880294	0.19890960016261186	.	-1	-1	.	.	.	0
XIII	262794	263194	0.29598086585288436	0.4517493649960563	.	-1	-1	.	.	.	0
XIII	271598	271998	-0.29749902807818135	0.24875803419172143	.	-1	-1	.	.	.	0
XIII	279838	280238	0.2715532670976128	0.303984743775393	XIII	279960	280337	+	CDS	YMR007W	278
XIII	282922	283322	-0.8565443423070938	1.0636990633948587e-4	.	-1	-1	.	.	.	0
XIII	287350	287750	-0.5146638124870481	0.06646513020429423	.	-1	-1	.	.	.	0
XIII	302736	303136	-0.37731615726202855	0.08624287344744341	.	-1	-1	.	.	.	0
XIII	306437	306837	-0.8426672913539087	7.726760065368049e-4	.	-1	-1	.	.	.	0
XIII	309686	310086	-0.5082931036147555	0.06879562716213782	.	-1	-1	.	.	.	0
XIII	334761	335161	-0.00528766627752348	0.9867153151767156	XIII	334709	335032	+	CDS	YMR031W-A	271
XIII	343735	344135	-0.6864628569720133	0.013602546628342463	.	-1	-1	.	.	.	0
XIII	347069	347469	-0.6870425493097172	0.004972865743932264	.	-1	-1	.	.	.	0
XIII	349806	350206	-0.35296146471201234	0.13036980586912594	.	-1	-1	.	.	.	0
XIII	353043	353443	-1.058724654442934	5.866227895152512e-7	XIII	352603	353133	+	CDS	YMR042W	90
XIII	362846	363246	-0.16977733209169527	0.5358009812884565	.	-1	-1	.	.	.	0
XIII	379144	379544	-0.1487032944923341	0.5950667574832107	.	-1	-1	.	.	.	0
XIII	388277	388677	-0.6017214215400372	0.01580549198494573	XIII	388362	388730	-	CDS	YMR057C	315
XIII	408227	408627	-1.028287824570774	4.416671870771903e-6	XIII	407709	408563	+	CDS	YMR069W	336
XIII	420383	420783	-0.2433982569102908	0.34233013779753835	.	-1	-1	.	.	.	0
XIII	431581	431981	-0.8160395865379894	0.0014760542439961146	XIII	431772	432125	-	CDS	YMR082C	209
XIII	434231	434631	-0.9420281615690074	1.5240110706408265e-4	.	-1	-1	.	.	.	0
XIII	436189	436589	-0.7631395537905328	3.884630137044473e-4	.	-1	-1	.	.	.	0
XIII	457993	458393	-0.5580960977289796	0.030892545755493855	.	-1	-1	.	.	.	0
XIII	472795	473195	-0.6904960059663678	1.4214968693317562e-4	XIII	472905	473264	-	CDS	YMR103C	290
XIII	477734	478134	-0.06562029009002289	0.8570131203086089	XIII	478064	478255	+	CDS	YMR105W-A	70
XIII	482534	482934	-1.0191841782433582	3.3408420085049e-5	.	-1	-1	.	.	.	0
XIII	504807	505207	-0.2676742835914255	0.3120952933189398	.	-1	-1	.	.	.	0
XIII	510762	511162	-0.5814223465021552	0.013602546628342463	XIII	510704	511075	-	CDS	YMR122C	313
XIII	517397	517797	0.7305425920550307	0.002161246979725219	XIII	517539	517563	+	CDS	YMR125W	24
XIII	540328	540728	-0.9354808323140114	5.120647227666263e-5	XIII	539911	540441	+	CDS	YMR135W-A	113
XIII	551262	551662	-0.5206094087578381	0.03480609567478008	.	-1	-1	.	.	.	0
XIII	556972	557372	-0.6845029354089476	0.002878834473388375	.	-1	-1	.	.	.	0
XIII	610417	610817	0.1996663073260958	0.6222545362140245	.	-1	-1	.	.	.	0
XIII	625877	626277	-0.11207793450669179	0.7067156464843687	XIII	625811	625894	+	CDS	YMR182W-A	17
XIII	637017	637417	-0.06086002610038591	0.8247142057439335	.	-1	-1	.	.	.	0
XIII	653234	653634	-0.8744172762450078	1.3393297189758375e-4	.	-1	-1	.	.	.	0
XIII	661704	662104	-0.47134295122785935	0.10078217078166567	.	-1	-1	.	.	.	0
XIII	675252	675652	-0.24335604465729357	0.4028653354319185	.	-1	-1	.	.	.	0
XIII	751294	751694	-0.3273262713417922	0.2259143239826628	.	-1	-1	.	.	.	0
XIII	754245	754645	-0.4912483150573613	0.026230752683881753	XIII	754297	754383	+	CDS	YMR242W-A	86
XIII	756445	756845	-0.5578714477871853	0.11522137025069859	.	-1	-1	.	.	.	0
XIII	759573	759973	-0.06343725058457048	0.8209057509110564	XIII	759807	761888	+	CDS	YMR246W	166
XIII	768139	768539	0.37016669575690875	0.14119626843882147	.	-1	-1	.	.	.	0
XIII	773966	774366	-1.2201324037245787	3.0802133606478193e-7	XIII	772915	774012	+	CDS	YMR251W	46
XIII	777224	777624	-0.41272969167129137	0.051476722993503796	XIII	777618	777923	-	CDS	YMR254C	6
XIII	797911	798311	-0.23762056801382106	0.29164257772318436	XIII	796543	797925	-	CDS	YMR265C	14
XIII	826505	826905	0.15717388175357921	0.5949479878356895	.	-1	-1	.	.	.	0
XIII	831338	831738	0.3675640218930622	0.09054572551332005	.	-1	-1	.	.	.	0
XIII	852116	852516	-0.15221038729149008	0.6020651023504936	.	-1	-1	.	.	.	0
XIII	861035	861435	-0.02234192797787682	0.9537015314020331	.	-1	-1	.	.	.	0
XIII	872619	873019	-0.3107966429942449	0.19349883530103665	XIII	870076	872625	-	CDS	YMR302C	6
XIII	880663	881063	-0.07121735010880924	0.8300638417613371	.	-1	-1	.	.	.	0
XIII	901278	901678	-0.016411719723282356	0.9606548138771985	XIII	899382	901307	-	CDS	YMR313C	29
XIII	915070	915470	-1.3991930426635184	1.3639041249813598e-8	.	-1	-1	.	.	.	0
XIII	922022	922422	-0.8199610578320101	6.726090596692355e-4	XIII	922205	922444	-	CDS	YMR324C	217
XIII	923997	924397	-1.2139659208424087	3.9271533064799194e-7	.	-1	-1	.	.	.	0
XIV	33	433	-0.013760525553443329	0.9347067259234464	XIV	374	5931	-	CDS	YNL339C	59
XIV	6610	7010	-1.0616213231667082	7.31297820674314e-6	XIV	6561	6716	+	CDS	YNL338W	106
XIV	59794	60194	0.48006890089669624	0.034284821122791916	.	-1	-1	.	.	.	0
XIV	62986	63386	-0.39305796596528525	0.07553573215408764	.	-1	-1	.	.	.	0
XIV	96124	96524	0.05655389634109269	0.850289931199372	XIV	96173	96541	+	CDS	YNL285W	351
XIV	112547	112947	-1.6128254082268578	2.756521377975749e-9	XIV	110917	112899	+	CDS	YNL279W	352
XIV	116481	116881	0.03782103583616574	0.9154023913921812	XIV	116679	116864	+	CDS	YNL277W-A	185
XIV	137837	138237	-0.10341135023236961	0.6923795129898759	XIV	137699	138091	+	CDS	YNL269W	254
XIV	197913	198313	-0.5808610571914744	0.02437461241850176	XIV	196429	197943	-	CDS	YNL241C	30
XIV	217300	217700	-0.1623890628079511	0.5231448273208991	XIV	217526	218662	-	CDS	YNL230C	174
XIV	253985	254385	-0.0881210847573346	0.7984871543705183	.	-1	-1	.	.	.	0
XIV	273818	274218	-0.7077102344551505	0.005570379295352124	.	-1	-1	.	.	.	0
XIV	275894	276294	-0.7648791938872603	0.0017324682845183445	XIV	274368	276041	+	CDS	YNL193W	147
XIV	281572	281972	-0.508424763580128	0.049783425641243405	.	-1	-1	.	.	.	0
XIV	283617	284017	0.24115742403570006	0.37233986426654736	.	-1	-1	.	.	.	0
XIV	289352	289752	0.22623253154268458	0.43781832320368674	XIV	289498	291873	+	CDS	YNL186W	254
XIV	295593	295993	-0.0043077600751495	0.9882148229184818	XIV	295963	297627	-	CDS	YNL182C	30
XIV	301160	301560	-0.49828396298817795	0.07775930895935465	.	-1	-1	.	.	.	0
XIV	310127	310527	-0.18034542643405724	0.45055763720774133	.	-1	-1	.	.	.	0
XIV	330882	331282	-0.33664084333124594	0.14405020454939668	.	-1	-1	.	.	.	0
XIV	335814	336214	-0.556327298358956	0.033623169759500485	.	-1	-1	.	.	.	0
XIV	349888	350288	-0.7309543888687551	5.725827826638842e-4	XIV	349910	350671	-	CDS	YNL148C	378
XIV	355337	355737	-0.7576779741540979	0.0016809557815504008	.	-1	-1	.	.	.	0
XIV	392426	392826	-0.19631359368595183	0.3764827613913986	.	-1	-1	.	.	.	0
XIV	405690	406090	-0.5428632531575617	0.03669546375570533	.	-1	-1	.	.	.	0
XIV	426979	427379	-1.0825045432158962	1.4896977014372665e-8	.	-1	-1	.	.	.	0
XIV	440847	441247	-0.86992374767007985	5.168852342690606e-4	XIV	440800	440919	-	CDS	YNL097C-B	72
XIV	442774	443174	-0.24956952551156814	0.3435748837624677	.	-1	-1	.	.	.	0
XIV	444328	444728	-0.15941911734470643	0.5952629526160645	.	-1	-1	.	.	.	0
XIV	479143	479543	-0.3996110795756087	0.07399790899823913	XIV	478569	479165	-	CDS	YNL079C	22
XIV	480770	481170	-1.1173489843216706	8.303594373010372e-6	XIV	479768	480988	+	CDS	YNL078W	218
XIV	495068	495468	-0.661502961856132	0.0020684188951676143	.	-1	-1	.	.	.	0
XIV	498520	498920	0.050465943819168274	0.8810216088724327	XIV	498538	498681	+	CDS	YNL067W-A	143
XIV	503094	503494	-0.6951775708937699	8.001218783169197e-4	.	-1	-1	.	.	.	0
XIV	547406	547806	-0.7297448144389942	0.00143112785868738	.	-1	-1	.	.	.	0
XIV	559248	559648	-0.4182460066600405	0.10981930142813927	.	-1	-1	.	.	.	0
XIV	568024	568424	-0.21751459559674097	0.44622781860519606	.	-1	-1	.	.	.	0
XIV	569750	570150	-0.05053437971262715	0.879274987031533	.	-1	-1	.	.	.	0
XIV	576119	576519	-0.7250568650224294	7.544654867962051e-4	.	-1	-1	.	.	.	0
XIV	602134	602534	-0.10047128937556238	0.7689550775151511	XIV	602141	602476	-	CDS	YNL017C	335
XIV	604691	605091	-0.6656301736979695	0.007673886784594829	.	-1	-1	.	.	.	0
XIV	633597	633997	0.020643813881924853	0.9606548138771985	XIV	633011	633856	-	CDS	YNR002C	259
XIV	651926	652326	-0.6659057527151514	0.002333267626094648	.	-1	-1	.	.	.	0
XIV	662128	662528	-0.10944710621468975	0.7258777013132214	.	-1	-1	.	.	.	0
XIV	663792	664192	-0.6244981325591116	0.002206434518545488	.	-1	-1	.	.	.	0
XIV	776653	777053	0.2505987036592194	0.3007762623184452	.	-1	-1	.	.	.	0
XIV	783684	784084	-1.2209757907033105	4.804758794504581e-7	.	-1	-1	.	.	.	0
XV	25	425	-1.1551188313652867	2.9202283958524537e-6	.	-1	-1	.	.	.	0
XV	27821	28221	-0.12511671227264867	0.710708131653969	.	-1	-1	.	.	.	0
XV	55146	55546	-0.11915317076753645	0.7451898785714299	.	-1	-1	.	.	.	0
XV	69036	69436	0.09889547538157084	0.7428978076956434	XV	69379	70044	-	CDS	YOL135C	57
XV	79848	80248	-0.7779105567955555	3.884630137044473e-4	.	-1	-1	.	.	.	0
XV	83083	83483	-0.5320084119224776	0.019220763094155848	.	-1	-1	.	.	.	0
XV	87141	87541	0.13546134840622667	0.6131660992007356	.	-1	-1	.	.	.	0
XV	92857	93257	0.021953700604968596	0.9479477541933656	.	-1	-1	.	.	.	0
XV	94432	94832	0.13323917285050346	0.679453335283062	.	-1	-1	.	.	.	0
XV	109513	109913	-1.0513023406878044	8.60993667796524e-6	XV	109176	109886	+	CDS	YOL110W	373
XV	117854	118254	-0.04028447402900015	0.9347206328978107	.	-1	-1	.	.	.	0
XV	161644	162044	-0.6613040388150426	0.008423591559163059	XV	161579	161788	+	CDS	YOL085W-A	144
XV	161644	162044	-0.6613040388150426	0.008423591559163059	XV	161676	162014	-	CDS	YOL085C	338
XV	167966	168366	-0.05637719186193059	0.8810216088724327	.	-1	-1	.	.	.	0
XV	170206	170606	-0.937007282292412	2.9457402590288496e-4	.	-1	-1	.	.	.	0
XV	216326	216726	-0.7989181307191568	0.0011777810347332602	.	-1	-1	.	.	.	0
XV	218659	219059	-0.5850186157617541	0.004864741674454529	.	-1	-1	.	.	.	0
XV	228193	228593	-0.009362690631564837	0.9799948586488737	.	-1	-1	.	.	.	0
XV	232005	232405	-0.30395461259119155	0.295512006706728	.	-1	-1	.	.	.	0
XV	241148	241548	-0.38934288715985677	0.06948162601712497	XV	241026	241310	-	CDS	YOL048C	162
XV	253741	254141	-0.3006639264111815	0.269552581433268	.	-1	-1	.	.	.	0
XV	274417	274817	0.07708525685867276	0.795351435017351	.	-1	-1	.	.	.	0
XV	288247	288647	-0.016061074097835464	0.9579468743321683	XV	288420	288569	+	CDS	YOL019W-A	149
XV	304647	305047	-0.5792428386812973	0.017401236501807277	.	-1	-1	.	.	.	0
XV	316307	316707	-0.30142174440288955	0.17444450112752322	.	-1	-1	.	.	.	0
XV	347373	347773	-0.0878084300718835	0.8046650827012344	.	-1	-1	.	.	.	0
XV	377773	378173	-0.2883536254346666	0.19349883530103665	XV	377847	378167	+	CDS	YOR024W	320
XV	383038	383438	0.3124150929249743	0.4252782289270952	.	-1	-1	.	.	.	0
XV	384888	385288	-0.4964111443942776	0.06366563589325515	XV	384600	384932	+	CDS	YOR029W	44
XV	388845	389245	0.06879678205873824	0.8578603792075988	.	-1	-1	.	.	.	0
XV	391479	391879	-0.5430104540716719	0.045139146705130286	.	-1	-1	.	.	.	0
XV	424176	424576	-1.049867688909546	3.0926779054059066e-7	XV	424273	424617	-	CDS	YOR050C	303
XV	427362	427762	0.03666658889563549	0.9264825339288576	.	-1	-1	.	.	.	0
XV	438515	438915	0.1522294389294595	0.5638990528685618	XV	438909	440258	-	CDS	YOR059C	6
XV	443667	444067	-0.4838387896009271	0.05817472187110042	.	-1	-1	.	.	.	0
XV	446730	447130	-0.025761407205829794	0.933951526037602	XV	446082	446738	-	CDS	YOR064C	8
XV	461822	462222	0.09001814057018503	0.7367056149347107	XV	461791	462036	+	CDS	YOR072W-A	214
XV	464293	464693	-0.0062976681864209145	0.984965440244397	XV	464469	464627	+	CDS	YOR072W-B	158
XV	472312	472712	0.5466632997783136	0.013188460820726696	XV	471899	472594	+	CDS	YOR077W	282
XV	479941	480341	-0.7913014033325385	7.482615625397981e-4	XV	479533	480417	+	CDS	YOR083W	400
XV	487229	487629	-0.31655874026024006	0.2727017439321133	.	-1	-1	.	.	.	0
XV	494258	494658	-0.6238134988029065	0.02113934195579755	XV	493433	494467	+	CDS	YOR091W	209
XV	505157	505557	-0.31395319844150993	0.2259143239826628	.	-1	-1	.	.	.	0
XV	511321	511721	-0.5130881872634361	0.028013853184191497	.	-1	-1	.	.	.	0
XV	514595	514995	-0.6155782284477693	0.00196839990165944	.	-1	-1	.	.	.	0
XV	520537	520937	-0.7113975399572409	0.0022906333051172316	.	-1	-1	.	.	.	0
XV	577968	578368	-0.3265529626985053	0.19325285145450838	.	-1	-1	.	.	.	0
XV	579677	580077	-0.23681035604116418	0.2868719525188001	XV	578564	579790	+	CDS	YOR134W	113
XV	586261	586661	-0.3680095624597359	0.06573946680945693	XV	584312	586324	-	CDS	YOR138C	63
XV	606195	606595	0.12195032693289365	0.6131660992007356	.	-1	-1	.	.	.	0
XV	619202	619602	-0.369557818761596	0.05712026205684384	.	-1	-1	.	.	.	0
XV	631763	632163	0.45750510498055774	0.04659213953642345	.	-1	-1	.	.	.	0
XV	638799	639199	-0.3238113247559792	0.20628789705714845	XV	639124	639267	-	CDS	YOR161C-C	75
XV	671013	671413	-0.6623685154671632	0.009460476897081146	.	-1	-1	.	.	.	0
XV	673712	674112	-0.23608592966331593	0.30187962775466254	.	-1	-1	.	.	.	0
XV	675378	675778	0.242226293165958	0.4148766266621188	.	-1	-1	.	.	.	0
XV	678844	679244	-0.14899498668770103	0.6020651023504936	XV	678872	679258	+	CDS	YOR183W	372
XV	682126	682526	-0.03881639222803045	0.9069273318995292	.	-1	-1	.	.	.	0
XV	683572	683972	0.5180275565882511	0.015083759909656685	.	-1	-1	.	.	.	0
XV	710021	710421	0.5065097157224194	0.0412549853973163	.	-1	-1	.	.	.	0
XV	733556	733956	0.17792696579201986	0.41869378074141744	XV	733925	736174	+	CDS	YOR208W	31
XV	767938	768338	0.1600821585378146	0.515686581362947	.	-1	-1	.	.	.	0
XV	770160	770560	-0.7005106668611005	0.005804650398569362	.	-1	-1	.	.	.	0
XV	779567	779967	-0.523020995061463	0.027112291081731014	XV	779870	780181	+	CDS	YOR235W	97
XV	781451	781851	0.09775896561085902	0.7367056149347107	XV	780906	781538	+	CDS	YOR236W	87
XV	796863	797263	-0.05235171122738933	0.8533520306366278	.	-1	-1	.	.	.	0
XV	825549	825949	-0.6973393040270088	9.571733072883758e-4	XV	825537	825932	-	CDS	YOR268C	383
XV	836628	837028	-0.8908879331149193	3.5065806897537847e-4	.	-1	-1	.	.	.	0
XV	860308	860708	0.5762284443668629	0.028976120471482607	.	-1	-1	.	.	.	0
XV	866666	867066	-0.2615748966393301	0.3096280871978537	.	-1	-1	.	.	.	0
XV	877727	878127	-0.4828103046734017	0.03132427983483844	.	-1	-1	.	.	.	0
XV	882071	882471	-0.8500213086227661	3.2006992230438646e-5	XV	880965	882269	+	CDS	YOR301W	198
XV	891652	892052	0.46709244230083	0.05549740483244443	.	-1	-1	.	.	.	0
XV	901231	901631	-0.4716803012258838	0.022069357477254133	.	-1	-1	.	.	.	0
XV	908671	909071	-0.9511474545541505	2.6433233083849272e-5	.	-1	-1	.	.	.	0
XV	925123	925523	-0.006274209837350012	0.9847811111247811	.	-1	-1	.	.	.	0
XV	931196	931596	-0.5372185857251647	0.013131060736184016	.	-1	-1	.	.	.	0
XV	968109	968509	-0.8184380382981031	1.6463884708086923e-4	XV	968151	968474	-	CDS	YOR343C	323
XV	976259	976659	0.0134051674978992	0.9712048588097654	.	-1	-1	.	.	.	0
XV	978638	979038	-1.017700695062264	7.510279346487264e-6	.	-1	-1	.	.	.	0
XV	988694	989094	-1.1380125071503924	7.510279346487264e-6	XV	986902	988782	-	CDS	YOR348C	88
XV	1003632	1004032	0.0832279600541815	0.8046650827012344	.	-1	-1	.	.	.	0
XV	1039283	1039683	-0.43157871210056165	0.13836027172942572	XV	1036834	1039386	+	CDS	YOR373W	103
XV	1043376	1043776	-1.3403930233041397	3.303947810647407e-7	XV	1043191	1043556	+	CDS	YOR376W	180
XV	1084090	1084490	-0.2947608954749099	0.4437418401773552	XV	1084205	1084369	-	CDS	YOR394C-A	164
XV	1091069	1091469	-0.2900569606308755	0.46178088908164805	.	-1	-1	.	.	.	0
XVI	6682	7082	-0.46920862010785774	0.19429932205776984	.	-1	-1	.	.	.	0
XVI	40274	40674	-1.3315201440279063	8.49817508369166e-8	.	-1	-1	.	.	.	0
XVI	56013	56413	-0.06136846693719728	0.8432089449367537	.	-1	-1	.	.	.	0
XVI	75020	75420	-0.7772059065829441	4.1222090728495835e-4	.	-1	-1	.	.	.	0
XVI	76281	76681	-0.044374560110446486	0.8752458840114543	XVI	76672	79353	-	CDS	YPL249C	9
XVI	114530	114930	-0.9454315379211046	1.793651254576056e-5	.	-1	-1	.	.	.	0
XVI	129575	129975	-0.1484108176744603	0.7392780971977241	.	-1	-1	.	.	.	0
XVI	132225	132625	-0.4272782716584209	0.07600328776697503	.	-1	-1	.	.	.	0
XVI	163626	164026	0.5745476350244684	0.01890286371587433	XVI	163925	164266	-	CDS	YPL205C	101
XVI	188564	188964	0.08906460660439976	0.7814850028775832	.	-1	-1	.	.	.	0
XVI	195486	195886	0.278689036111915	0.45989903356164713	XVI	195253	195645	+	CDS	YPL185W	159
XVI	202846	203246	0.06986435714215095	0.80277595569843	.	-1	-1	.	.	.	0
XVI	207508	207908	-0.35599524500382296	0.16274248940825106	XVI	205248	207644	+	CDS	YPL180W	136
XVI	210053	210453	0.06730878309807312	0.8531359191460325	.	-1	-1	.	.	.	0
XVI	214578	214978	-0.9402427261813757	5.120647227666263e-5	.	-1	-1	.	.	.	0
XVI	227761	228161	-0.19216895383072874	0.43233708584161207	.	-1	-1	.	.	.	0
XVI	246346	246746	0.7665970248631838	0.002038229950621971	.	-1	-1	.	.	.	0
XVI	257000	257400	-0.8573142769098936	3.91176847535017e-6	XVI	257219	259336	-	CDS	YPL155C	181
XVI	264619	265019	0.22052067198139977	0.40113148752839417	XVI	264602	264697	+	CDS	YPL152W-A	78
XVI	280018	280418	0.06995321390332906	0.8141156396304181	.	-1	-1	.	.	.	0
XVI	281650	282050	-0.47978720844484574	0.04687218402953365	.	-1	-1	.	.	.	0
XVI	287019	287419	0.26657030758178113	0.28009377601789437	.	-1	-1	.	.	.	0
XVI	296958	297358	-0.44528065803285644	0.10148233938116193	.	-1	-1	.	.	.	0
XVI	309757	310157	0.44180598879673993	0.03465452668823133	.	-1	-1	.	.	.	0
XVI	339418	339818	-0.7268162278113556	3.4136659946081704e-4	.	-1	-1	.	.	.	0
XVI	378464	378864	-0.32484974856699955	0.19429932205776984	.	-1	-1	.	.	.	0
XVI	382894	383294	-0.5296250743768707	0.04118477652717886	XVI	381965	382990	+	CDS	YPL088W	96
XVI	404181	404581	-0.2012604442340906	0.38751076642988	.	-1	-1	.	.	.	0
XVI	406238	406638	0.20381434046435049	0.4368003086606643	XVI	406175	406498	-	CDS	YPL080C	260
XVI	406238	406638	0.20381434046435049	0.4368003086606643	XVI	406636	406646	+	CDS	YPL079W	2
XVI	408837	409237	-0.602529191070934	0.0347874968585131	.	-1	-1	.	.	.	0
XVI	411527	411927	-0.0026172654720080773	0.9935940783671747	.	-1	-1	.	.	.	0
XVI	425229	425629	-0.6564876237842934	0.001813201304253545	XVI	425254	425847	-	CDS	YPL067C	375
XVI	431751	432151	-0.8819132543624808	2.3146830729917702e-4	XVI	431895	432296	+	CDS	YPL062W	256
XVI	450775	451175	-0.4438359033410093	0.02952066404928863	.	-1	-1	.	.	.	0
XVI	455067	455467	-0.7997876931931778	7.061179171143128e-4	.	-1	-1	.	.	.	0
XVI	482018	482418	0.05975872446423502	0.879274987031533	.	-1	-1	.	.	.	0
XVI	502691	503091	-0.9986682195944301	4.938764830978528e-5	XVI	502476	503030	-	CDS	YPL025C	339
XVI	520210	520610	-0.16511993736385125	0.6131660992007356	XVI	518737	520233	-	CDS	YPL017C	23
XVI	525170	525570	0.18197079851372655	0.5998660023970512	.	-1	-1	.	.	.	0
XVI	526929	527329	-0.4490954011843449	0.029402363681120654	.	-1	-1	.	.	.	0
XVI	560101	560501	-0.3296972261974655	0.21714853949094115	.	-1	-1	.	.	.	0
XVI	566804	567204	0.1053731083082433	0.7197270142027464	.	-1	-1	.	.	.	0
XVI	572173	572573	-0.39361752000682476	0.16432373103134204	.	-1	-1	.	.	.	0
XVI	575508	575908	-0.5268488234636522	0.059374727781087065	.	-1	-1	.	.	.	0
XVI	582819	583219	-0.6909447162303906	0.03767287617782968	XVI	583065	584042	-	CDS	YPR011C	154
XVI	586867	587267	-1.0031540432439368	2.788691642711764e-4	XVI	587192	587518	-	CDS	YPR014C	75
XVI	588341	588741	-0.1664713724973528	0.6147297570224495	.	-1	-1	.	.	.	0
XVI	591189	591589	-0.627137048585516	0.008592322383060234	.	-1	-1	.	.	.	0
XVI	614854	615254	-0.025702064870067983	0.9583864429857971	.	-1	-1	.	.	.	0
XVI	627446	627846	-0.6864844472723579	5.189824040300543e-4	.	-1	-1	.	.	.	0
XVI	641236	641636	-0.73334129607759	0.004669812374460115	.	-1	-1	.	.	.	0
XVI	643449	643849	-0.07336809202748205	0.8215089916548539	XVI	643836	645269	+	CDS	YPR036W	13
XVI	645308	645708	-0.978812466089896	8.01469431220706e-5	.	-1	-1	.	.	.	0
XVI	653755	654155	0.029981338734357883	0.9231041182470515	.	-1	-1	.	.	.	0
XVI	678864	679264	-0.800720508062224	7.928257163650269e-4	XVI	678951	679367	+	CDS	YPR064W	313
XVI	689479	689879	0.019502783110118896	0.9479477541933656	.	-1	-1	.	.	.	0
XVI	695030	695430	-0.10845938214881906	0.710708131653969	XVI	695018	695185	+	CDS	YPR074W-A	155
XVI	700036	700436	-0.29496028133234775	0.25741613128194496	.	-1	-1	.	.	.	0
XVI	731877	732277	0.22015143583344854	0.38751076642988	.	-1	-1	.	.	.	0
XVI	769107	769507	0.37682112611563867	0.1436555415611666	.	-1	-1	.	.	.	0
XVI	775391	775791	0.07509282142094409	0.795351435017351	.	-1	-1	.	.	.	0
XVI	789577	789977	0.4102551863765168	0.0852602707066411	.	-1	-1	.	.	.	0
XVI	794542	794942	0.06557529189377674	0.829247833849475	.	-1	-1	.	.	.	0
XVI	810437	810837	0.3456883251701713	0.13776417907305552	.	-1	-1	.	.	.	0
XVI	812707	813107	-0.57975044531014	0.002985684734642804	.	-1	-1	.	.	.	0
XVI	822073	822473	-1.2608928765292824	2.055098842902943e-8	.	-1	-1	.	.	.	0
XVI	824998	825398	-1.2885660087971216	7.00960487403874e-8	XVI	825350	825676	-	CDS	YPR146C	48
XVI	829110	829510	-0.8079407359906782	0.0010035312803184711	.	-1	-1	.	.	.	0
XVI	831858	832258	-0.08663665033827	0.8060804824913149	XVI	832064	833458	-	CDS	YPR152C	194
XVI	834221	834621	-0.9914300918770891	1.0333058269546965e-4	XVI	833828	834242	+	CDS	YPR153W	21
XVI	834221	834621	-0.9914300918770891	1.0333058269546965e-4	XVI	834565	835209	+	CDS	YPR154W	56
XVI	840517	840917	-0.5522820421327218	0.010796322568727146	.	-1	-1	.	.	.	0
XVI	856831	857231	-0.2165670854319783	0.48377217321303345	.	-1	-1	.	.	.	0
XVI	860450	860850	-0.3841672488582223	0.14816399813838374	.	-1	-1	.	.	.	0
XVI	901552	901952	-0.21224725284674179	0.36529237633608724	XVI	900755	901555	+	CDS	YPR183W	3
XVI	921046	921446	-0.5586854001458106	0.029834883530290776	.	-1	-1	.	.	.	0
XVI	930286	930686	-1.4968310133822385	8.215605567278406e-9	.	-1	-1	.	.	.	0
XVI	942426	942826	-0.7940496538606576	4.7232597941453336e-4	.	-1	-1	.	.	.	0
XVI	947825	948225	-0.018802223351993073	0.92500579869497	.	-1	-1	.	.	.	0
