III	78130	78530	-1.8804464896098303	1.371365775320206e-12	.	-1	-1	.	.	.	0
XIV	112547	112947	-1.6128254082268578	2.756521377975749e-09	.	-1	-1	.	.	.	0
XII	677706	678106	-1.552896506894572	1.5195390090156006e-11	XII	677724	677753	-	5UTR	YLR266C	29
VI	114484	114884	-1.5493717106910945	1.3639041249813598e-08	.	-1	-1	.	.	.	0
IV	550812	551212	-1.4980317229604412	3.035548543575139e-10	.	-1	-1	.	.	.	0
XVI	930286	930686	-1.4968310133822385	8.215605567278406e-09	.	-1	-1	.	.	.	0
IV	431884	432284	-1.425089895946941	9.309396597231405e-09	IV	431517	432076	-	5UTR	YDL012C	192
IV	431884	432284	-1.425089895946941	9.309396597231405e-09	IV	431770	432330	+	5UTR	YDL010W	400
XI	518592	518992	-1.4137949631576272	1.921369715799962e-07	XI	518243	519527	+	5UTR	YKR042W	400
XIII	915070	915470	-1.3991930426635184	1.3639041249813598e-08	XIII	915443	916746	+	5UTR	YMR320W	27
XI	614817	615217	-1.3440251314147105	1.8034400424874072e-08	.	-1	-1	.	.	.	0
XV	1043376	1043776	-1.3403930233041397	3.303947810647407e-07	.	-1	-1	.	.	.	0
XVI	40274	40674	-1.3315201440279063	8.49817508369166e-08	.	-1	-1	.	.	.	0
IX	54094	54494	-1.3281533434138235	1.2946895325453395e-06	IX	53945	55198	+	5UTR	YIL153W	400
X	745319	745719	-1.3162722236368358	8.49817508369166e-08	.	-1	-1	.	.	.	0
XVI	824998	825398	-1.2885660087971216	7.00960487403874e-08	XVI	824926	825236	-	5UTR	YPR145C-A	238
XII	1071442	1071842	-1.2743136202740333	2.779036311551837e-06	.	-1	-1	.	.	.	0
XVI	822073	822473	-1.2608928765292824	2.0550988429029437e-08	.	-1	-1	.	.	.	0
VII	1	323	-1.252236309324695	1.6140250687793984e-07	.	-1	-1	.	.	.	0
VI	95584	95984	-1.239877252477176	7.00960487403874e-08	VI	95786	95966	+	5UTR	YFL021W	180
XIV	783684	784084	-1.2209757907033103	4.804758794504581e-07	.	-1	-1	.	.	.	0
XIII	773966	774366	-1.2201324037245789	3.08021336064782e-07	XIII	773304	774752	+	5UTR	YMR251W-A	400
XIII	923997	924397	-1.2139659208424087	3.927153306479921e-07	.	-1	-1	.	.	.	0
I	189808	190208	-1.2041296264785275	3.927153306479921e-07	I	190156	190193	+	5UTR	YAR035W	37
XII	783572	783972	-1.2033697320187362	3.08021336064782e-07	XII	783387	783634	-	5UTR	YLR327C	62
II	5716	6116	-1.2028644873510723	8.714391676864946e-07	.	-1	-1	.	.	.	0
IV	67	467	-1.1898340440445336	7.458538349030514e-07	.	-1	-1	.	.	.	0
IV	635945	636345	-1.1785556576288954	3.799355818825845e-07	.	-1	-1	.	.	.	0
III	287	687	-1.171966296111432	1.1858014940367884e-06	.	-1	-1	.	.	.	0
IX	439492	439892	-1.1685796995683917	1.2946895325453395e-06	.	-1	-1	.	.	.	0
VII	771878	772278	-1.1661135244345953	2.1491589540580824e-05	VII	771290	772454	+	5UTR	YGR142W	400
I	1	386	-1.1640599814943229	7.458538349030514e-07	.	-1	-1	.	.	.	0
II	338564	338964	-1.1624363274612792	6.291405351592184e-05	.	-1	-1	.	.	.	0
III	315995	316395	-1.1582068009574562	4.780140034229259e-06	.	-1	-1	.	.	.	0
XV	25	425	-1.1551188313652867	2.9202283958524537e-06	.	-1	-1	.	.	.	0
IV	974262	974662	-1.1450747563486814	3.4124145578190284e-05	IV	974243	974356	-	5UTR	YDR258C	94
XV	988694	989094	-1.1380125071503924	7.510279346487264e-06	XV	988782	988797	-	5UTR	YOR348C	15
III	122622	123022	-1.1283518112032092	4.121532308508446e-05	III	123003	123419	-	5UTR	YCR006C	19
I	229765	230165	-1.1278641288045923	7.510279346487264e-06	.	-1	-1	.	.	.	0
V	42042	42442	-1.123153989819539	8.497059883034688e-06	V	41953	42126	-	5UTR	YEL060C	84
XI	1	392	-1.1220376205479765	8.41425628070705e-07	.	-1	-1	.	.	.	0
XIV	480770	481170	-1.1173489843216706	8.303594373010372e-06	.	-1	-1	.	.	.	0
VIII	4897	5297	-1.1107258375056044	5.194493797166085e-06	.	-1	-1	.	.	.	0
VIII	556339	556739	-1.1078949463211247	5.194493797166085e-06	.	-1	-1	.	.	.	0
XI	20821	21221	-1.0900843718153927	1.875082598253511e-05	.	-1	-1	.	.	.	0
IV	1459640	1460040	-1.0894536322640098	7.197991461306284e-05	.	-1	-1	.	.	.	0
VII	785651	786051	-1.0872355437834824	6.949697810693133e-05	VII	785437	785977	-	5UTR	YGR146C-A	326
XIV	426979	427379	-1.0825045432158962	1.4896977014372664e-08	XIV	426900	427735	+	5UTR	YNL103W	400
VII	413166	413566	-1.0776768532483687	1.7732087694886985e-05	.	-1	-1	.	.	.	0
XII	1064715	1065115	-1.0773554987126253	8.627423979220078e-07	.	-1	-1	.	.	.	0
VII	1084045	1084445	-1.072128696837079	2.209348295653704e-06	.	-1	-1	.	.	.	0
IX	249000	249400	-1.066183611862887	9.218523100744013e-06	.	-1	-1	.	.	.	0
XIV	6610	7010	-1.0616213231667082	7.31297820674314e-06	.	-1	-1	.	.	.	0
XIII	353043	353443	-1.058724654442934	5.866227895152512e-07	XIII	353416	353871	+	5UTR	YMR043W	27
IV	1525031	1525431	-1.0577003483759388	7.641294934385137e-06	.	-1	-1	.	.	.	0
XV	109513	109913	-1.0513023406878044	8.60993667796524e-06	.	-1	-1	.	.	.	0
XV	424176	424576	-1.049867688909546	3.0926779054059066e-07	.	-1	-1	.	.	.	0
VI	4826	5226	-1.0362015547091463	9.789645215684446e-06	.	-1	-1	.	.	.	0
VII	993864	994264	-1.0314621665686523	3.6099877709265232e-06	.	-1	-1	.	.	.	0
XI	666293	666693	-1.0309378390613275	1.7732087694886985e-05	.	-1	-1	.	.	.	0
XIII	408227	408627	-1.028287824570774	4.416671870771903e-06	.	-1	-1	.	.	.	0
XIII	482534	482934	-1.0191841782433582	3.3408420085049e-05	.	-1	-1	.	.	.	0
XV	978638	979038	-1.017700695062264	7.510279346487264e-06	.	-1	-1	.	.	.	0
XI	99553	99953	-1.016181090140274	7.510279346487264e-06	.	-1	-1	.	.	.	0
VII	271772	272172	-1.0126106075355552	2.2895813614936407e-06	.	-1	-1	.	.	.	0
V	570069	570469	-1.011118789503905	8.715974727678163e-05	.	-1	-1	.	.	.	0
II	375899	376299	-1.007202241837312	5.633310811367332e-06	.	-1	-1	.	.	.	0
XVI	586867	587267	-1.0031540432439368	0.0002788691642711	.	-1	-1	.	.	.	0
XVI	502691	503091	-0.99866821959443	4.938764830978528e-05	XVI	503030	503282	-	5UTR	YPL025C	61
VII	592673	593073	-0.9968581030022244	3.210671374751146e-05	.	-1	-1	.	.	.	0
XVI	834221	834621	-0.9914300918770892	0.0001033305826954	XVI	833925	834565	+	5UTR	YPR154W	344
XII	11253	11653	-0.9884060802869392	9.664846880383875e-06	.	-1	-1	.	.	.	0
IV	1161764	1162164	-0.9792314614091412	8.530636222054308e-05	.	-1	-1	.	.	.	0
XVI	645308	645708	-0.978812466089896	8.01469431220706e-05	XVI	645607	645950	+	5UTR	YPR036W-A	101
IV	538965	539365	-0.9750337260854384	8.909382546617557e-05	.	-1	-1	.	.	.	0
XII	954372	954772	-0.9663874766763324	1.5577116951883694e-05	.	-1	-1	.	.	.	0
IV	894081	894481	-0.961446115458397	5.779380367732506e-06	.	-1	-1	.	.	.	0
VII	547312	547712	-0.9589720877742074	5.63131753020658e-05	.	-1	-1	.	.	.	0
V	335408	335808	-0.9579303517524388	5.166901865850345e-05	V	335311	335927	+	5UTR	YER088W-B	400
V	335408	335808	-0.9579303517524388	5.166901865850345e-05	V	335188	335458	-	5UTR	YER088C	50
IV	955121	955521	-0.95345686365559	1.7964409217186263e-05	.	-1	-1	.	.	.	0
XV	908671	909071	-0.9511474545541504	2.6433233083849272e-05	.	-1	-1	.	.	.	0
V	117783	118183	-0.949863458806372	4.927612338292593e-05	.	-1	-1	.	.	.	0
III	50487	50887	-0.946960666166222	1.0781360607404462e-05	III	50698	50838	+	5UTR	YCL040W	140
XVI	114530	114930	-0.9454315379211046	1.793651254576056e-05	.	-1	-1	.	.	.	0
XIII	434231	434631	-0.9420281615690074	0.000152401107064	XIII	434183	434788	+	5UTR	YMR083W	400
XI	68729	69129	-0.941395080137058	0.0001276355837874	.	-1	-1	.	.	.	0
XVI	214578	214978	-0.9402427261813756	5.120647227666263e-05	.	-1	-1	.	.	.	0
IV	599894	600294	-0.9401262592962814	0.0001276355837874	IV	599410	600793	+	5UTR	YDR077W	400
XV	170206	170606	-0.937007282292412	0.0002945740259028	.	-1	-1	.	.	.	0
XIII	540328	540728	-0.9354808323140114	5.120647227666263e-05	.	-1	-1	.	.	.	0
VII	609805	610205	-0.9300763443666517	7.089062644273605e-06	.	-1	-1	.	.	.	0
II	466238	466638	-0.9286767367438284	7.803639271725397e-06	II	466101	467248	+	5UTR	YBR114W	400
VII	809718	810118	-0.9130855561478072	7.513573364667571e-05	VII	809990	810227	+	5UTR	YGR161W-C	128
VI	224894	225294	-0.9130072042234844	6.919039991146818e-05	VI	224769	225689	-	5UTR	YFR033C	400
X	521641	522041	-0.9092865758397648	1.0072594721659536e-05	X	521963	522048	+	5UTR	YJR046W	78
X	521641	522041	-0.9092865758397648	1.0072594721659536e-05	X	521602	521741	-	5UTR	YJR045C	100
XII	658214	658614	-0.9084529243504496	5.909872868203373e-06	XII	658336	658826	+	5UTR	YLR257W	278
IV	591842	592242	-0.9041640839244748	0.0003112408054463	IV	592157	592439	+	5UTR	YDR073W	85
VII	905363	905763	-0.8976176678112405	2.404563471810528e-05	.	-1	-1	.	.	.	0
V	441996	442396	-0.8950794019709583	5.63131753020658e-05	V	441819	442005	-	5UTR	YER137C	9
XV	836628	837028	-0.8908879331149193	0.0003506580689753	XV	836431	836632	-	5UTR	YOR273C	4
II	381281	381681	-0.8873119108766584	0.0005147528032539	.	-1	-1	.	.	.	0
VII	733129	733529	-0.8845927847103141	0.0002330001967248	VII	733206	733412	+	5UTR	YGR121W-A	206
XVI	431751	432151	-0.8819132543624808	0.0002314683072991	XVI	431750	431895	+	5UTR	YPL062W	144
IV	1468804	1469204	-0.8806418466773083	0.0001170448648306	IV	1468610	1469400	+	5UTR	YDR510W	400
II	341547	341947	-0.8799327506024526	2.43188066954037e-06	.	-1	-1	.	.	.	0
VII	987250	987650	-0.8790117893440508	0.0001212696325733	.	-1	-1	.	.	.	0
XIII	653234	653634	-0.8744172762450078	0.0001339329718975	XIII	653136	653365	-	5UTR	YMR194C-A	131
VIII	236047	236447	-0.8727006576196307	2.300672625930535e-05	.	-1	-1	.	.	.	0
VII	397902	398302	-0.8717964679340446	0.0002075900546244	.	-1	-1	.	.	.	0
XIV	440847	441247	-0.8699237476700798	0.000516885234269	XIV	440570	440911	-	5UTR	YNL098C	64
VIII	379558	379958	-0.8655434496348997	0.0016253990329643	.	-1	-1	.	.	.	0
XI	231236	231636	-0.8631913712696465	0.0003320503749542	.	-1	-1	.	.	.	0
VII	766138	766538	-0.8630013755955573	0.0001087188744387	.	-1	-1	.	.	.	0
II	165036	165436	-0.8626064207662415	0.0002839324399004	II	164772	166047	-	5UTR	YBL029C-A	400
IV	976433	976833	-0.8624805941813536	0.0002126862911965	.	-1	-1	.	.	.	0
XVI	257000	257400	-0.8573142769098936	3.91176847535017e-06	.	-1	-1	.	.	.	0
XIII	282922	283322	-0.8565443423070938	0.0001063699063394	XIII	283235	284102	+	5UTR	YMR009W	87
XIII	282922	283322	-0.8565443423070938	0.0001063699063394	XIII	282584	283458	-	5UTR	YMR008C	400
XI	92325	92725	-0.8513352770504314	0.0005063465154898	.	-1	-1	.	.	.	0
XV	882071	882471	-0.8500213086227661	3.2006992230438646e-05	XV	881226	882765	+	5UTR	YOR302W	400
XII	424027	424427	-0.8476997485935276	0.0001276355837874	.	-1	-1	.	.	.	0
XI	630387	630787	-0.8433767313618481	3.621681351013537e-05	.	-1	-1	.	.	.	0
XIII	306437	306837	-0.8426672913539087	0.0007726760065368	.	-1	-1	.	.	.	0
X	606721	607121	-0.8395441600756104	0.0013178278171517	.	-1	-1	.	.	.	0
V	194682	195082	-0.834305749702097	0.0001457407518269	V	194845	195168	+	5UTR	YER020W	237
V	194682	195082	-0.834305749702097	0.0001457407518269	V	194539	195108	-	5UTR	YER019C-A	400
VII	190768	191168	-0.827889846669482	0.0006589171426455	VII	191089	191129	+	5UTR	YGL166W	40
VII	190768	191168	-0.827889846669482	0.0006589171426455	VII	190468	190881	-	5UTR	YGL167C	113
IX	177453	177853	-0.8224517608557229	0.0001008028873038	.	-1	-1	.	.	.	0
XIII	922022	922422	-0.8199610578320101	0.0006726090596692	.	-1	-1	.	.	.	0
XV	968109	968509	-0.8184380382981031	0.0001646388470808	XV	968474	968596	-	5UTR	YOR343C	35
V	140513	140913	-0.8177245537262908	0.000516885234269	V	140818	141050	-	5UTR	YEL008C-A	95
X	639376	639776	-0.8167209438347967	0.000493733923406	X	638975	639395	-	5UTR	YJR113C	19
X	639376	639776	-0.8167209438347967	0.000493733923406	X	638736	639942	+	5UTR	YJR115W	400
VII	384054	384454	-0.8167138713985034	0.0019219121922886	.	-1	-1	.	.	.	0
XIII	431581	431981	-0.8160395865379894	0.0014760542439961	.	-1	-1	.	.	.	0
IV	465049	465449	-0.8119486675705011	0.0001863910580141	IV	465383	465747	-	5UTR	YDR010C	66
IV	806146	806546	-0.8107980248562566	0.0003320503749542	IV	806535	806621	+	5UTR	YDR171W	11
VI	269830	270230	-0.8087960760352358	0.0015035236383086	.	-1	-1	.	.	.	0
XVI	829110	829510	-0.8079407359906782	0.0010035312803184	.	-1	-1	.	.	.	0
XVI	678864	679264	-0.800720508062224	0.000792825716365	XVI	678530	678951	+	5UTR	YPR064W	87
XVI	455067	455467	-0.7997876931931778	0.0007061179171143	.	-1	-1	.	.	.	0
XV	216326	216726	-0.7989181307191568	0.0011777810347332	.	-1	-1	.	.	.	0
XI	322412	322812	-0.7976430044275408	0.0008293222062393	XI	321518	322916	-	5UTR	YKL063C	400
XVI	942426	942826	-0.7940496538606576	0.0004723259794145	.	-1	-1	.	.	.	0
XV	479941	480341	-0.7913014033325385	0.0007482615625397	XV	479662	480587	+	5UTR	YOR084W	400
IV	411179	411579	-0.7911631649950897	0.0004710542388606	.	-1	-1	.	.	.	0
X	662951	663351	-0.7871924468079944	7.080116741228517e-05	.	-1	-1	.	.	.	0
III	133348	133748	-0.7861723092562434	0.000792825716365	III	133124	133630	-	5UTR	YCR010C	282
IX	268007	268407	-0.7806547869273313	0.0005683107239553	IX	267812	268309	+	5UTR	YIL046W-A	302
XIII	5377	5777	-0.779978421379911	0.0092960545538181	.	-1	-1	.	.	.	0
XV	79848	80248	-0.7779105567955555	0.0003884630137044	XV	80134	80348	+	5UTR	YOL127W	114
XVI	75020	75420	-0.7772059065829441	0.0004122209072849	.	-1	-1	.	.	.	0
VI	255393	255793	-0.7729967783880806	0.0009560424132293	.	-1	-1	.	.	.	0
XI	355615	356015	-0.7724993311165023	0.0018391414763902	.	-1	-1	.	.	.	0
II	628451	628851	-0.7713335381550261	0.0001179100811226	.	-1	-1	.	.	.	0
II	135923	136323	-0.7688742051467613	0.002421759803504	.	-1	-1	.	.	.	0
IV	1507210	1507610	-0.7671436069704538	0.0005705291716113	.	-1	-1	.	.	.	0
IV	1156322	1156722	-0.7658004712593158	0.0011777810347332	IV	1155928	1156412	-	5UTR	YDR342C	90
XIV	275894	276294	-0.7648791938872603	0.0017324682845183	.	-1	-1	.	.	.	0
XIII	436189	436589	-0.7631395537905328	0.0003884630137044	.	-1	-1	.	.	.	0
XII	660113	660513	-0.7604605959259167	6.552238319323005e-05	.	-1	-1	.	.	.	0
XIV	355337	355737	-0.7576779741540979	0.0016809557815504	.	-1	-1	.	.	.	0
X	391842	392242	-0.7576542517396953	0.0014311278586873	X	392210	392404	+	5UTR	YJL026W	32
IV	1011596	1011996	-0.7570015581362146	0.0022394364011157	IV	1011960	1012871	-	5UTR	YDR274C	36
IV	1011596	1011996	-0.7570015581362146	0.0022394364011157	IV	1011573	1012252	+	5UTR	YDR275W	400
X	97359	97759	-0.755199329808431	0.0002559044274033	X	97698	97737	+	5UTR	YJL172W	39
XII	633285	633685	-0.753543056794584	0.0011417311939501	XII	633563	634252	+	5UTR	YLR248W	122
VI	182961	183361	-0.753417034446169	0.0009560424132293	VI	182861	183837	-	5UTR	YFR017C	400
XI	258602	259002	-0.7489799027581805	0.0001975154569146	XI	258913	259016	-	5UTR	YKL097C	89
II	798756	799156	-0.7441156755366557	0.0057902857114309	.	-1	-1	.	.	.	0
VII	1000198	1000598	-0.7437743027407393	0.000464221788617	.	-1	-1	.	.	.	0
XVI	641236	641636	-0.73334129607759	0.0046698123744601	.	-1	-1	.	.	.	0
VII	856708	857108	-0.7330593566736845	0.0014760542439961	.	-1	-1	.	.	.	0
VII	625242	625642	-0.7328383951022075	0.001575176827715	.	-1	-1	.	.	.	0
XIV	349888	350288	-0.7309543888687551	0.0005725827826638	XIV	349756	350402	-	5UTR	YNL149C	400
XIV	547406	547806	-0.7297448144389942	0.0014311278586873	XIV	547335	548100	+	5UTR	YNL042W	400
XVI	339418	339818	-0.7268162278113556	0.0003413665994608	XVI	339604	339944	+	5UTR	YPL111W	214
IV	1490042	1490442	-0.7261082510338185	0.0036260746068972	IV	1489989	1490596	+	5UTR	YDR525W-A	400
IV	1490042	1490442	-0.7261082510338185	0.0036260746068972	IV	1489990	1490886	-	5UTR	YDR524C-A	400
XIV	576119	576519	-0.7250568650224294	0.0007544654867962	XIV	576050	577114	-	5UTR	YNL031C	400
XIV	576119	576519	-0.7250568650224294	0.0007544654867962	XIV	575466	576727	+	5UTR	YNL030W	400
V	222207	222607	-0.723686223946663	0.0008029312648747	V	221857	222639	+	5UTR	YER035W	400
XI	260533	260933	-0.7234078174226571	0.0007500263887675	XI	259300	261132	+	5UTR	YKL096W	400
X	545291	545691	-0.7225006643357085	0.0009592123144939	X	545175	545464	-	5UTR	YJR058C	173
X	195404	195804	-0.7222926675201249	0.0061909856024526	X	195603	196287	+	5UTR	YJL115W	201
XIII	70075	70475	-0.7214193926341107	0.0003399191042804	XIII	68821	70138	+	5UTR	YML100W-A	63
XIII	70075	70475	-0.7214193926341107	0.0003399191042804	XIII	70225	70624	+	5UTR	YML100W	250
XIII	70075	70475	-0.7214193926341107	0.0003399191042804	XIII	70088	70168	-	5UTR	YML101C	80
IV	368872	369272	-0.7171516750980055	0.0069844740238419	.	-1	-1	.	.	.	0
XI	171296	171696	-0.7135682743189267	0.0001459681780693	XI	171556	171783	+	5UTR	YKL146W	140
XI	171296	171696	-0.7135682743189267	0.0001459681780693	XI	171129	171306	-	5UTR	YKL148C	10
XV	520537	520937	-0.7113975399572409	0.0022906333051172	.	-1	-1	.	.	.	0
XIV	273818	274218	-0.7077102344551505	0.0055703792953521	.	-1	-1	.	.	.	0
X	136236	136636	-0.7071737053213976	0.0010145586537296	.	-1	-1	.	.	.	0
VIII	122184	122584	-0.7054382277605654	0.0028085843489624	.	-1	-1	.	.	.	0
XV	770160	770560	-0.7005106668611005	0.0058046503985693	.	-1	-1	.	.	.	0
IX	254273	254673	-0.6993886539656389	0.0072824885219816	IX	253925	254766	-	5UTR	YIL055C	400
IX	254273	254673	-0.6993886539656389	0.0072824885219816	IX	253878	254543	+	5UTR	YIL054W	270
XV	825549	825949	-0.6973393040270088	0.0009571733072883	.	-1	-1	.	.	.	0
X	360681	361081	-0.6961050121789405	0.000604559600475	.	-1	-1	.	.	.	0
XIV	503094	503494	-0.6951775708937699	0.0008001218783169	.	-1	-1	.	.	.	0
VII	951272	951672	-0.6947253455083663	0.000792630649578	.	-1	-1	.	.	.	0
XVI	582819	583219	-0.6909447162303906	0.0376728761778296	XVI	583128	584309	+	5UTR	YPR012W	91
XVI	582819	583219	-0.6909447162303906	0.0376728761778296	XVI	582734	584037	-	5UTR	YPR010C-A	400
XIII	472795	473195	-0.6904960059663678	0.0001421496869331	.	-1	-1	.	.	.	0
XIII	347069	347469	-0.6870425493097172	0.0049728657439322	.	-1	-1	.	.	.	0
XVI	627446	627846	-0.6864844472723579	0.00051898240403	.	-1	-1	.	.	.	0
XIII	343735	344135	-0.6864628569720133	0.0136025466283424	.	-1	-1	.	.	.	0
XIII	556972	557372	-0.6845029354089476	0.0028788344733883	.	-1	-1	.	.	.	0
XII	728223	728623	-0.6838976047778722	0.000792825716365	.	-1	-1	.	.	.	0
XII	489411	489811	-0.6838507549367371	0.0049983565081249	.	-1	-1	.	.	.	0
IX	332648	333048	-0.6828087548715376	0.0018995947747238	IX	332921	333011	+	5UTR	YIL012W	90
V	123158	123558	-0.6776236629110017	0.0038706287258951	V	123176	123657	+	5UTR	YEL017W	382
V	467842	468242	-0.6759694850281366	0.0054995225602742	V	467715	468370	+	5UTR	YER150W	400
II	193548	193948	-0.6689724531856999	0.0025428780407468	.	-1	-1	.	.	.	0
II	378672	379072	-0.6685312551687033	0.000626144237546	.	-1	-1	.	.	.	0
XII	370579	370979	-0.666754598208217	0.0048784571127354	XII	370739	370791	+	5UTR	YLR112W	52
XII	370579	370979	-0.666754598208217	0.0048784571127354	XII	370098	370627	-	5UTR	YLR110C	48
VII	483677	484077	-0.6667003956257004	0.0076456458081462	VII	483027	483957	-	5UTR	YGL007C-A	280
XI	382357	382757	-0.6663225942914732	0.0093355700929838	.	-1	-1	.	.	.	0
VII	197139	197539	-0.6662573506474785	0.0028953838360012	VII	197430	198138	+	5UTR	YGL162W	109
XIV	651926	652326	-0.6659057527151514	0.0023332676260946	.	-1	-1	.	.	.	0
XIV	604691	605091	-0.6656301736979695	0.0076738867845948	.	-1	-1	.	.	.	0
IV	721708	722108	-0.6652900854439348	0.0019683999016594	IV	721297	721830	-	5UTR	YDR133C	122
V	85011	85411	-0.6651396642180303	0.0079834679718094	V	85195	85676	+	5UTR	YEL034W	216
XV	671013	671413	-0.6623685154671632	0.0094604768970811	.	-1	-1	.	.	.	0
XIV	495068	495468	-0.661502961856132	0.0020684188951676	.	-1	-1	.	.	.	0
XV	161644	162044	-0.6613040388150426	0.008423591559163	XV	160594	161697	-	5UTR	YOL086C	53
XVI	425229	425629	-0.6564876237842934	0.0018132013042535	XVI	425096	425500	-	5UTR	YPL068C	271
XII	108243	108643	-0.6475134372322005	0.0015700477816456	.	-1	-1	.	.	.	0
V	461842	462242	-0.6459632774754269	0.0019219121922886	V	461844	462585	+	5UTR	YER146W	398
VIII	55887	56287	-0.6448108644653539	0.0130155018623111	.	-1	-1	.	.	.	0
VII	433218	433618	-0.6423029461179036	0.0047364817241223	VII	433579	433745	-	5UTR	YGL034C	39
II	140532	140932	-0.6421107223692993	0.0172869771539162	.	-1	-1	.	.	.	0
V	491032	491432	-0.6421089485022358	0.0049004027425364	.	-1	-1	.	.	.	0
XII	187257	187657	-0.6403910272914345	0.0014009897074452	XII	187129	187972	-	5UTR	YLR023C	400
VII	159076	159476	-0.6394110313855591	0.0093776047063257	.	-1	-1	.	.	.	0
V	460023	460423	-0.6317917838945352	0.0204205218114045	V	460223	460317	-	5UTR	YER144C	94
XII	645695	646095	-0.6309752245957216	0.0045106927254704	XII	645953	645982	-	5UTR	YLR255C	29
XI	514396	514796	-0.630780274919925	0.0147939057467716	.	-1	-1	.	.	.	0
V	284571	284971	-0.6283043968703977	0.0047364817241223	.	-1	-1	.	.	.	0
XVI	591189	591589	-0.627137048585516	0.0085923223830602	.	-1	-1	.	.	.	0
V	152918	153318	-0.6268909563418118	0.0085923223830602	.	-1	-1	.	.	.	0
IV	835845	836245	-0.6263021701311795	0.0033759193906646	IV	835647	836421	+	5UTR	YDR188W	400
IX	139061	139461	-0.6255605423796184	0.0089818096304618	IX	139428	139752	+	5UTR	YIL118W	33
XIV	663792	664192	-0.6244981325591116	0.0022064345185454	XIV	663877	664270	+	5UTR	YNR018W	315
II	350741	351141	-0.6242936271858331	0.0072141424953197	II	351095	351255	+	5UTR	YBR056W-A	46
XV	494258	494658	-0.6238134988029065	0.0211393419557975	.	-1	-1	.	.	.	0
X	646858	647258	-0.6230837521393702	0.002212492225217	.	-1	-1	.	.	.	0
IV	1429084	1429484	-0.6185272016690229	0.0042007978044205	IV	1428980	1430782	-	5UTR	YDR487C	400
I	45269	45669	-0.617157070330583	0.0178978844283994	.	-1	-1	.	.	.	0
XV	514595	514995	-0.6155782284477693	0.0019683999016594	XV	514278	516357	-	5UTR	YOR100C	400
VIII	296744	297144	-0.6141585266303977	0.024909509942569	.	-1	-1	.	.	.	0
II	415312	415712	-0.6133472269852813	0.0050679969174199	II	415261	415992	-	5UTR	YBR084C-A	400
II	415312	415712	-0.6133472269852813	0.0050679969174199	II	415428	415983	+	5UTR	YBR085W	284
X	291116	291516	-0.6107535039586962	0.0076456458081462	.	-1	-1	.	.	.	0
V	191913	192313	-0.6100046647397593	0.0099694035931641	.	-1	-1	.	.	.	0
XII	253249	253649	-0.607401332014222	0.0025167761133091	.	-1	-1	.	.	.	0
IV	1233666	1234066	-0.6072583810030365	0.0038706287258951	IV	1233517	1233766	-	5UTR	YDR379C-A	100
VII	598788	599188	-0.6062797204483936	0.0102117432672638	.	-1	-1	.	.	.	0
XVI	408837	409237	-0.602529191070934	0.0347874968585131	XVI	408744	408847	-	5UTR	YPL078C	10
XIII	388277	388677	-0.6017214215400372	0.0158054919849457	XIII	388244	388635	-	5UTR	YMR056C	358
II	477024	477424	-0.5997297380196182	0.0045106927254704	.	-1	-1	.	.	.	0
II	490473	490873	-0.5995854137149406	0.0181922310440199	II	490392	490559	-	5UTR	YBR126C	86
II	490473	490873	-0.5995854137149406	0.0181922310440199	II	490868	490927	+	5UTR	YBR126W-B	5
IV	542142	542542	-0.5968000595423155	0.0234493709295168	.	-1	-1	.	.	.	0
VIII	48231	48631	-0.5944920220050116	0.0057135720147677	.	-1	-1	.	.	.	0
VII	788232	788632	-0.5935436239244486	0.0055703792953521	VII	787779	788723	-	5UTR	YGR148C	400
II	419451	419851	-0.5924173138971821	0.0136025466283424	II	419164	419738	-	5UTR	YBR085C-A	287
XII	510507	510907	-0.5921882246284484	0.0026119057210629	.	-1	-1	.	.	.	0
XII	84073	84473	-0.5912137169618583	0.0047364817241223	.	-1	-1	.	.	.	0
XII	1	334	-0.588932298197878	0.0489333413288753	.	-1	-1	.	.	.	0
XII	828078	828478	-0.585565330837812	0.0110882939462953	.	-1	-1	.	.	.	0
XV	218659	219059	-0.5850186157617541	0.0048647416744545	.	-1	-1	.	.	.	0
XIII	510762	511162	-0.5814223465021552	0.0136025466283424	XIII	511075	511754	-	5UTR	YMR122C	87
XIII	510762	511162	-0.5814223465021552	0.0136025466283424	XIII	510589	511315	+	5UTR	YMR122W-A	400
XIV	197913	198313	-0.5808610571914744	0.0243746124185017	XIV	197943	198370	-	5UTR	YNL241C	370
VII	428053	428453	-0.5807148224167598	0.0321689965564191	VII	427947	428077	-	5UTR	YGL037C	24
V	242090	242490	-0.5805298196192951	0.020583194492208	V	242486	243180	+	5UTR	YER046W	4
V	211972	212372	-0.5802536097105035	0.0021612469797252	.	-1	-1	.	.	.	0
XVI	812707	813107	-0.57975044531014	0.0029856847346428	XVI	812453	812767	-	5UTR	YPR138C	60
XIII	26060	26460	-0.5792579759413133	0.0344829788496746	XIII	26418	27978	-	5UTR	YML122C	42
XV	304647	305047	-0.5792428386812973	0.0174012365018072	XV	303983	304806	-	5UTR	YOL012C	159
XV	304647	305047	-0.5792428386812973	0.0174012365018072	XV	304593	305349	+	5UTR	YOL011W	400
X	651394	651794	-0.5707303642393133	0.015164517098378	X	651667	651901	+	5UTR	YJR123W	127
VIII	422465	422865	-0.5704068898078494	0.0049900876616425	VIII	422669	423072	+	5UTR	YHR162W	196
VIII	422465	422865	-0.5704068898078494	0.0049900876616425	VIII	422286	422528	-	5UTR	YHR161C	63
IV	1278556	1278956	-0.5694381583479805	0.0308925457554938	.	-1	-1	.	.	.	0
VII	700577	700977	-0.5675737709718581	0.0113285942931161	.	-1	-1	.	.	.	0
V	422481	422881	-0.5617798848185901	0.0067457773808409	V	422446	422542	-	5UTR	YER130C	61
XVI	921046	921446	-0.5586854001458106	0.0298348835302907	.	-1	-1	.	.	.	0
XIII	457993	458393	-0.5580960977289796	0.0308925457554938	XIII	456549	458408	+	5UTR	YMR096W	400
VIII	175012	175412	-0.5571529580664342	0.0143726420398057	VIII	173469	175195	+	5UTR	YHR032W-A	183
XIV	335814	336214	-0.556327298358956	0.0336231697595004	.	-1	-1	.	.	.	0
XVI	840517	840917	-0.5522820421327218	0.0107963225687271	XVI	840661	841266	+	5UTR	YPR157W	256
X	525808	526208	-0.547687136039694	0.0156343574939776	X	526027	526335	+	5UTR	YJR048W	181
V	558911	559311	-0.5436164259395342	0.0295206640492886	V	558961	559454	+	5UTR	YER185W	350
XV	391479	391879	-0.5430104540716719	0.0451391467051302	XV	389692	392176	+	5UTR	YOR032W-A	400
XIV	405690	406090	-0.5428632531575617	0.0366954637557053	.	-1	-1	.	.	.	0
V	268355	268755	-0.5424877001906102	0.0416991011857307	V	268113	269343	-	5UTR	YER056C	400
XV	931196	931596	-0.5372185857251647	0.013131060736184	XV	931081	931224	-	5UTR	YOR327C	28
X	348718	349118	-0.5337932336614981	0.0445840358962046	X	348637	348729	-	5UTR	YJL048C	11
XV	83083	83483	-0.5320084119224776	0.0192207630941558	XV	82920	83152	-	5UTR	YOL126C	69
XII	416846	417246	-0.5306754467886883	0.049629899904566	XII	416974	417006	+	5UTR	YLR137W	32
IV	1461555	1461955	-0.5301859577018937	0.0241754143612296	IV	1461554	1461607	-	5UTR	YDR506C	52
XVI	382894	383294	-0.5296250743768707	0.0411847765271788	XVI	383193	383455	+	5UTR	YPL087W	101
XV	779567	779967	-0.523020995061463	0.027112291081731	.	-1	-1	.	.	.	0
VIII	126029	126429	-0.5219201484790903	0.0345641498722369	.	-1	-1	.	.	.	0
X	220233	220633	-0.5211034501810714	0.0070047944521124	X	220604	221390	+	5UTR	YJL106W	29
XIII	551262	551662	-0.5206094087578381	0.03480609567478	XIII	551207	552908	-	5UTR	YMR142C	400
XII	758980	759380	-0.5205830851830713	0.0201684008050184	XII	758833	759027	-	5UTR	YLR312C	47
VII	165835	166235	-0.5188249727281601	0.0448291428883494	.	-1	-1	.	.	.	0
XI	278344	278744	-0.5171703978433507	0.0102415207895494	XI	278701	279123	+	5UTR	YKL085W	43
XII	65302	65702	-0.5164406791042024	0.0386865339236489	XII	65207	65811	-	5UTR	YLL039C	400
VII	156140	156540	-0.5149618303623573	0.0342848211227919	.	-1	-1	.	.	.	0
II	408587	408987	-0.5142488063392812	0.0166727711393312	II	408914	409169	+	5UTR	YBR083W	73
XV	511321	511721	-0.5130881872634361	0.0280138531841914	XV	511620	511825	+	5UTR	YOR099W	101
XII	1012088	1012488	-0.5108515733968618	0.0212241852395278	XII	1012023	1012096	-	5UTR	YLR437C	8
XII	1012088	1012488	-0.5108515733968618	0.0212241852395278	XII	1012451	1012501	+	5UTR	YLR438W	37
IV	1242239	1242639	-0.5101024806817693	0.0452289741069207	IV	1242031	1242540	-	5UTR	YDR384C	301
V	354819	355219	-0.5099652414924739	0.0175296265615418	.	-1	-1	.	.	.	0
XIV	281572	281972	-0.508424763580128	0.0497834256412434	.	-1	-1	.	.	.	0
V	261428	261828	-0.5069722647227314	0.0484044092028682	.	-1	-1	.	.	.	0
IX	257171	257571	-0.5025667346264836	0.0296515262958605	IX	257063	257934	-	5UTR	YIL052C	400
II	167963	168363	-0.5017788470751603	0.0336231697595004	.	-1	-1	.	.	.	0
II	45164	45564	-0.5013024350673217	0.0319449038869259	II	45281	45978	+	5UTR	YBL092W	283
XIII	754245	754645	-0.4912483150573613	0.0262307526838817	XIII	754220	754483	-	5UTR	YMR242C	238
II	624912	625312	-0.4906707391884344	0.0461327985093496	II	624696	625418	-	5UTR	YBR201C-A	400
X	424187	424587	-0.4864034668211597	0.02915412532284	.	-1	-1	.	.	.	0
XV	877727	878127	-0.4828103046734017	0.0313242798348384	XV	877685	877761	-	5UTR	YOR298C-A	34
XVI	281650	282050	-0.4797872084448457	0.0468721840295336	.	-1	-1	.	.	.	0
XII	809069	809469	-0.4791913332661736	0.0452289741069207	.	-1	-1	.	.	.	0
X	337580	337980	-0.4763147349093433	0.0442264227095893	.	-1	-1	.	.	.	0
VII	229744	230144	-0.4756713613384905	0.0179573670444453	VII	229686	229860	-	5UTR	YGL146C	116
X	123082	123482	-0.4729137115558476	0.0227438498493936	.	-1	-1	.	.	.	0
XV	901231	901631	-0.4716803012258838	0.0220693574772541	XV	901194	901419	-	5UTR	YOR312C	188
XII	931935	932335	-0.4664037159817362	0.0369289682570357	XII	931755	932102	-	5UTR	YLR406C	167
II	126284	126684	-0.4653497906069637	0.0161321507653346	II	126606	126828	+	5UTR	YBL049W	78
VIII	98322	98722	-0.4650546421750155	0.0243854810718822	.	-1	-1	.	.	.	0
V	294960	295360	-0.4589072580556422	0.0412549853973163	V	295335	295410	+	5UTR	YER069W	25
VI	221586	221986	-0.4551919309740302	0.03508257230053	VI	221418	221769	-	5UTR	YFR031C-A	183
IV	569745	570145	-0.4540393001418946	0.0397475999935937	IV	569770	570333	-	5UTR	YDR059C	375
XVI	526929	527329	-0.4490954011843449	0.0294023636811206	XVI	526883	527490	-	5UTR	YPL015C	400
XVI	450775	451175	-0.4438359033410093	0.0295206640492886	.	-1	-1	.	.	.	0
VII	438456	438856	-0.433413949439704	0.0496134413745398	VII	437934	439712	-	5UTR	YGL031C	400
VII	438456	438856	-0.433413949439704	0.0496134413745398	VII	437385	439091	+	5UTR	YGL030W	400
IV	330487	330887	-0.4287850006340463	0.0308925457554938	IV	330447	330900	-	5UTR	YDL072C	400
IV	330487	330887	-0.4287850006340463	0.0308925457554938	IV	330699	331024	+	5UTR	YDL070W	188
IV	155977	156377	-0.4268401268398821	0.0336231697595004	IV	156290	156318	+	5UTR	YDL170W	28
IV	1080429	1080829	-0.4102556855951232	0.0415032207820732	IV	1080199	1080736	-	5UTR	YDR309C	307
II	595573	595973	-0.3943336282306455	0.0447815570097835	II	595555	595849	-	5UTR	YBR182C-A	276
IV	1194983	1195383	0.4374025415832929	0.0363566192562631	.	-1	-1	.	.	.	0
VII	677666	678066	0.4417864984897506	0.0465921395364234	.	-1	-1	.	.	.	0
XVI	309757	310157	0.4418059887967399	0.0346545266882313	.	-1	-1	.	.	.	0
X	60156	60556	0.4451029509028523	0.0308925457554938	X	60182	60559	-	5UTR	YJL199C	374
III	246613	247013	0.4511523398017544	0.0416991011857307	III	246917	246963	+	5UTR	YCR073W-A	46
XV	631763	632163	0.4575051049805577	0.0465921395364234	XV	631751	631813	-	5UTR	YOR157C	50
XV	631763	632163	0.4575051049805577	0.0465921395364234	XV	632074	632164	+	5UTR	YOR158W	89
II	604100	604500	0.4758686420202694	0.0426060228945793	II	603637	604508	+	5UTR	YBR189W	400
II	604100	604500	0.4758686420202694	0.0426060228945793	II	604107	604197	-	5UTR	YBR188C	90
II	770539	770939	0.476109709284787	0.0342848211227919	II	770415	771067	-	5UTR	YBR283C	400
XIV	59794	60194	0.4800689008966962	0.0342848211227919	XIV	59791	60003	-	5UTR	YNL305C	209
VII	1072624	1073024	0.4897317363001861	0.0415032207820732	.	-1	-1	.	.	.	0
IV	802478	802878	0.4939327296770112	0.0266441187782456	.	-1	-1	.	.	.	0
XV	710021	710421	0.5065097157224194	0.0412549853973163	XV	710375	710446	+	5UTR	YOR193W	46
II	564886	565286	0.5178342804588936	0.0315451576991768	II	563740	565231	+	5UTR	YBR162W-A	345
XV	683572	683972	0.5180275565882511	0.0150837599096566	XV	683538	683661	-	5UTR	YOR186C-A	89
XV	683572	683972	0.5180275565882511	0.0150837599096566	XV	683891	684030	+	5UTR	YOR187W	81
XV	472312	472712	0.5466632997783136	0.0131884608207266	XV	471904	472725	+	5UTR	YOR078W	400
IX	117624	118024	0.555208286065485	0.0346545266882313	IX	117922	117992	+	5UTR	YIL126W	70
IX	117624	118024	0.555208286065485	0.0346545266882313	IX	117644	117673	-	5UTR	YIL127C	29
XVI	163626	164026	0.5745476350244684	0.0189028637158743	XVI	163597	163671	-	5UTR	YPL206C	45
XV	860308	860708	0.5762284443668629	0.0289761204714826	.	-1	-1	.	.	.	0
IV	1385718	1386118	0.5864170141864625	0.0076738867845948	IV	1386019	1386073	+	5UTR	YDR462W	54
IV	1385718	1386118	0.5864170141864625	0.0076738867845948	IV	1385766	1385831	-	5UTR	YDR461C-A	65
IV	341216	341616	0.6014912756409382	0.0118632876398986	IV	340798	341275	-	5UTR	YDL061C	59
XII	322989	323389	0.6246965518378934	0.0087790129289195	.	-1	-1	.	.	.	0
VIII	315994	316394	0.6623103746133931	0.0061686780616082	VIII	316388	316572	+	5UTR	YHR102W	6
VIII	315994	316394	0.6623103746133931	0.0061686780616082	VIII	315968	316066	-	5UTR	YHR101C	72
X	181470	181870	0.6965887448189606	0.0154274697658229	X	181709	183844	-	5UTR	YJL127C-B	161
IV	1288966	1289366	0.6965988670470872	0.003689832455771	IV	1288859	1289151	-	5UTR	YDR408C	185
XIII	517397	517797	0.7305425920550307	0.0021612469797252	XIII	517450	517539	+	5UTR	YMR125W	89
IV	1090037	1090437	0.7585173781984902	0.0007537400776886	IV	1090079	1091699	-	5UTR	YDR313C	358
XVI	246346	246746	0.7665970248631838	0.0020382299506219	.	-1	-1	.	.	.	0
IV	125171	125571	0.7903593641253657	0.0003491043304471	IV	124998	125194	-	5UTR	YDL188C	23
IV	125171	125571	0.7903593641253657	0.0003491043304471	IV	125463	125616	+	5UTR	YDL186W	108
V	517495	517895	0.8459903630618798	0.00051898240403	V	517790	518216	+	5UTR	YER167W	105
IX	77645	78045	0.9391648693424138	9.858876950271532e-05	IX	77994	78074	+	5UTR	YIL144W	51
